TBC1D5,7.47,0
PEBP4,1.47,1
ZIC5,2.41,2
AGRN,5.71,3
AGRN,5.71,4
TTLL10,6.88,5
TNFRSF18,0.374,6
SDF4,18,7
SCNN1D,6.32,8
DVL1,16.8,9
CCNL2,15.2,10
SSU72,25.3,11
SSU72,25.3,12
MIB2,3.18,13
NADK,11.2,14
TMEM52,7.43,15
CFAP74,3.28,16
GABRD,0.962,17
SKI,5.37,18
MORN1,0.973,19
RER1,16.8,20
RER1,16.8,21
PRDM16,0.326,22
CCDC27,5.08,24
SMIM1,6.59,25
LRRC47,10.5,26
CEP104,6.71,27
CEP104,6.71,28
AJAP1,0.362,29
TAS1R1,1.19,30
ZBTB48,9.32,31
KLHL21,8.04,32
ERRFI1,4.78,33
RERE,15.5,34
TMEM201,3.48,35
KIF1B,7.7,36
DFFA,4.68,37
CASZ1,1.11,38
CASZ1,1.11,39
CASZ1,1.11,40
SRM,13.2,41
SRM,13.2,42
MTOR,21.8,43
FBXO2,3.09,44
VPS13D,5.44,46
AADACL3,0.165,47
KAZN,1.09,48
TMEM51,1.42,49
PLEKHM2,22.1,50
PLEKHM2,22.1,51
SLC25A34,0.733,52
SPEN,8.59,54
SPEN,8.59,55
ARHGEF19,1.1,56
FBXO42,4.19,57
ATP13A2,5.21,58
SDHB,33,59
UBR4,17.3,60
UBR4,17.3,61
TMCO4,0.961,62
OTUD3,8.02,63
VWA5B1,0.972,64
KIF17,12.6,65
ECE1,12.9,66
ALPL,3.44,67
EPHA8,0.637,68
EPHA8,0.637,69
LACTBL1,0.0486,70
IFNLR1,0.428,71
SYF2,13,72
MAN1C1,2.37,74
EXTL1,0.275,75
ZNF683,20.3,76
ZDHHC18,4.88,77
AHDC1,3.95,78
AHDC1,3.95,79
PTAFR,0.934,80
PHACTR4,3.32,81
OPRD1,0.0391,82
PTPRU,3.41,83
COL16A1,13.8,84
TMEM39B,3.08,85
EIF3I,24.3,86
KIAA1522,2.87,87
KIAA1522,2.87,88
KIAA1522,2.87,89
FNDC5,1.78,90
C1orf94,12.1,92
GJB4,0.0786,93
SMIM12,2.51,94
SFPQ,28,95
SFPQ,28,96
SFPQ,28,97
SFPQ,28,98
ZMYM4,15,99
TFAP2E,0.432,100
PSMB2,7.61,101
PSMB2,7.61,102
TRAPPC3,18.1,103
MAP7D1,8.75,104
MAP7D1,8.75,105
ZC3H12A,2.27,106
MANEAL,1.3,107
RRAGC,12.4,109
RRAGC,12.4,110
PABPC4,55,111
PABPC4,55,112
PABPC4,55,113
PPIE,6.03,114
CAP1,35.4,115
COL9A2,0.757,116
CTPS1,7.99,117
CTPS1,7.99,118
ERMAP,2.79,119
EBNA1BP2,23.9,120
EBNA1BP2,23.9,121
EBNA1BP2,23.9,122
EBNA1BP2,23.9,123
EBNA1BP2,23.9,124
EBNA1BP2,23.9,125
HYI,6.78,126
HYI,6.78,127
HYI,6.78,128
KDM4A,4.31,129
IPO13,27.3,130
DPH2,6.14,131
ATP6V0B,13.1,132
ATP6V0B,13.1,133
B4GALT2,10.2,134
SLC6A9,0.458,135
KIF2C,38.8,137
PLK3,1.84,138
PLK3,1.84,139
PTCH2,11.3,140
MAST2,25.1,141
NSUN4,13.2,142
ATPAF1,20.5,143
STIL,3.3,144
SPATA6,10.5,145
DMRTA2,0.265,146
OSBPL9,15.2,147
OSBPL9,15.2,148
NRDC,54.7,149
NRDC,54.7,150
TXNDC12,10.3,151
TMEM59,20,152
TMEM59,20,153
TMEM59,20,154
TMEM59,20,155
FAM151A,0.928,156
FGGY,0.401,157
HOOK1,13.7,158
KANK4,0.684,159
DOCK7,8.52,160
RPE65,0.0584,161
SLC44A5,1.31,162
RABGGTB,10.3,163
RABGGTB,10.3,164
RABGGTB,10.3,165
RABGGTB,10.3,166
RABGGTB,10.3,167
MSH4,2.62,168
ST6GALNAC3,0.0376,169
DNAJB4,6.36,170
DNAJB4,6.36,171
IFI44,3.41,172
SYDE2,0.922,173
SH3GLB1,20.6,174
HS2ST1,5.16,175
LOC101927844,0.0155,176
PKN2,4.79,177
GTF2B,7.4,178
GTF2B,7.4,179
GBP4,1.65,180
ZNF326,2.77,181
BRDT,59.3,182
BTBD8,1.34,183
GFI1,0.37,184
GFI1,0.37,185
GFI1,0.37,186
FNBP1L,7.23,188
ARHGAP29,5.95,189
ARHGAP29,5.95,190
ABCD3,9.91,191
F3,23.6,192
DPYD,1.51,193
AGL,3.5,194
RTCA,5.97,195
RTCA,5.97,196
NTNG1,0.127,197
STXBP3,12.2,200
STXBP3,12.2,201
PSMA5,8.83,204
PSMA5,8.83,206
CD53,2.85,207
CD53,2.85,208
CEPT1,7.85,209
DENND2D,3.71,210
WDR77,9.69,211
KCND3,0.477,213
MOV10,17,214
MOV10,17,215
RHOC,36.2,216
RHOC,36.2,217
RHOC,36.2,218
LRIG2,1.8,219
SYT6,0.132,220
DENND2C,4.1,221
NGF,0.138,222
CASQ2,0.891,223
ZNF697,1.65,224
PDE4DIP,2.17,225
ANKRD34A,0.182,227
POLR3C,5.99,228
OTUD7B,4.48,229
MCL1,37.7,230
CTSS,4.37,231
CDC42SE1,10.6,232
GABPB2,5.81,233
SEMA6C,9.28,234
PIP5K1A,20,235
PSMB4,41.2,236
PSMB4,41.2,237
PSMB4,41.2,238
PSMB4,41.2,239
PSMB4,41.2,240
TUFT1,2.59,241
CELF3,1.83,242
S100A10,50.2,243
TCHHL1,0.000886,244
TCHH,0.597,245
FLG,0.346,246
FLG2,0.0314,247
LCE5A,0.154,248
PGLYRP3,0.0342,250
ILF2,65.1,251
ILF2,65.1,252
NPR1,1.04,253
DENND4B,5.32,254
JTB,14.7,255
JTB,14.7,256
RPS27,233,257
C1orf43,29.6,258
KCNN3,0.113,259
KCNN3,0.113,260
PBXIP1,26.8,261
HCN3,0.679,262
PKLR,0.595,263
ASH1L,6.23,264
GON4L,10.9,265
RIT1,2.94,266
SSR2,61.4,268
SSR2,61.4,269
SSR2,61.4,270
SSR2,61.4,271
LMNA,22.1,272
SMG5,18.7,273
CCT3,72.1,274
CCT3,72.1,275
CCT3,72.1,276
IQGAP3,2.03,277
IQGAP3,2.03,278
NTRK1,1.03,281
NTRK1,1.03,282
LRRC71,8.54,283
ARHGEF11,13.4,284
ARHGEF11,13.4,285
FCRL4,0.00576,286
CD1A,0.0536,287
SPTA1,0.469,290
CFAP45,17.2,293
IGSF9,2.25,294
IGSF9,2.25,295
DCAF8,17.5,296
PEX19,12.9,297
NECTIN4,0.372,299
NIT1,8.76,300
PPOX,2.11,301
B4GALT3,9.08,302
FCER1G,9.67,303
SDHC,18.3,304
SDHC,18.3,305
POGK,3.71,306
TADA1,7.41,307
ILDR2,6.58,308
POU2F1,2.46,310
POU2F1,2.46,311
DCAF6,44.8,312
GPR161,0.831,313
TIPRL,9.57,314
F5,0.248,315
C1orf112,5.67,316
SCYL3,4.23,317
FMO2,0.844,318
FMO2,0.844,319
METTL13,11.7,320
ABL2,1.98,322
AXDND1,7.26,323
FAM163A,5.3,324
LAMC1,16.4,325
LAMC2,1.4,326
BRINP3,0.379,329
RGS1,1.33,330
UCHL5,2.27,331
UCHL5,2.27,332
ASPM,2.51,334
ASPM,2.51,335
PTPRC,2.64,336
PTPRC,2.64,337
ZNF281,6.86,338
CAMSAP2,7.95,339
TIMM17A,15.1,343
LGR6,2.18,344
RABIF,8.09,345
CYB5R1,38,346
MYBPH,0.0276,347
CHI3L1,1.12,348
CHIT1,0.0646,349
ATP2B4,19.1,350
PLEKHA6,1.14,351
CNTN2,4.26,352
KLHDC8A,2.59,353
RAB29,2.67,354
SLC41A1,26.8,355
KCNH1,0.267,357
DTL,9.7,358
USH2A,0.338,359
GPATCH2,2.6,360
FAM177B,0.233,362
TLR5,1.11,363
WDR26,13.4,364
WDR26,13.4,365
WDR26,13.4,366
WDR26,13.4,367
WDR26,13.4,368
DNAH14,1.87,370
DNAH14,1.87,371
LIN9,3.69,372
CDC42BPA,11.7,373
JMJD4,7.12,374
JMJD4,7.12,375
GUK1,32.9,376
GUK1,32.9,377
GUK1,32.9,378
GUK1,32.9,379
GJC2,0.432,380
OBSCN,0.453,381
OBSCN,0.453,382
OBSCN,0.453,383
RAB4A,9.4,384
ACTA1,0.05,385
AGT,2.09,386
TARBP1,4.31,387
TARBP1,4.31,388
RBM34,15.4,389
TBCE,6.48,390
B3GALNT2,3.49,391
B3GALNT2,3.49,392
B3GALNT2,3.49,393
LYST,3.64,394
LYST,3.64,395
LGALS8,10.5,396
HEATR1,12.4,397
RYR2,0.72,398
RYR2,0.72,399
RYR2,0.72,400
RYR2,0.72,401
EXO1,2.84,402
CATSPERE,9.1,406
SCCPDH,86.3,407
ZNF669,2.42,408
ZNF669,2.42,409
ZNF669,2.42,410
EIPR1,5.16,413
TRAPPC12,6.11,414
RPS7,175,415
ITGB1BP1,3.99,416
ITGB1BP1,3.99,417
ITGB1BP1,3.99,418
GRHL1,1.55,419
ODC1,67,420
GREB1,3.43,421
DDX1,27.1,422
DDX1,27.1,423
MYCNOS,0.729,424
MYCNOS,0.729,425
LAPTM4A,207,426
APOB,0.21,427
APOB,0.21,428
TDRD15,3.43,429
FKBP1B,0.91,430
EFR3B,1.12,431
RAB10,18.3,432
RAB10,18.3,433
RAB10,18.3,434
RAB10,18.3,435
OTOF,0.348,436
KCNK3,0.504,437
OST4,77.7,438
KHK,1.61,439
SLC5A6,15.8,440
SNX17,18.7,441
IFT172,10.5,443
BIRC6,5.09,445
BIRC6,5.09,446
LTBP1,11.6,447
LTBP1,11.6,448
LTBP1,11.6,449
LTBP1,11.6,450
VIT,1.23,451
EIF2AK2,2.3,452
ARHGEF33,1.63,453
PKDCC,18.8,454
MTA3,3.03,455
DYNC2LI1,10.5,459
ABCG8,0.0419,460
PPP1R21,7.38,461
STON1,1.11,462
NRXN1,0.471,463
NRXN1,0.471,464
NRXN1,0.471,465
PSME4,32.6,466
PSME4,32.6,467
ACYP2,0.74,468
SPTBN1,20,469
RTN4,27.9,470
CFAP36,36.4,471
EFEMP1,5.63,472
PAPOLG,3.63,473
USP34,17.4,474
FAM161A,5.39,475
FAM161A,5.39,476
CCT4,51.3,477
CCT4,51.3,478
CCT4,51.3,479
EHBP1,13.7,480
MDH1,30.1,481
MDH1,30.1,482
MDH1,30.1,483
UGP2,21.4,484
MEIS1,1.8,485
APLF,1.63,486
GKN2,0.0015,487
ANXA4,3.79,488
ANXA4,3.79,489
ANXA4,3.79,490
CCT7,102,494
ALMS1,15.4,495
ALMS1,15.4,496
ALMS1,15.4,497
DUSP11,11.2,498
DUSP11,11.2,499
ACTG2,3.43,500
DGUOK-AS1,3.74,501
TTC31,4.98,502
SEMA4F,1.09,503
REG3A,0.386,504
DNAH6,1.76,505
KCMF1,9.59,506
ELMOD3,4.85,507
CAPG,6.71,508
RNF103,9.84,509
CD8A,0.587,510
SNRNP200,37.1,511
ITPRIPL1,4.67,512
NEURL3,0.0883,513
FER1L5,3.25,514
CNNM4,5.74,515
ANKRD23,0.864,516
VWA3B,14.8,521
INPP4A,2,522
LONRF2,1.63,524
LONRF2,1.63,525
TBC1D8,11.1,526
MAP4K4,22.7,527
MAP4K4,22.7,528
MAP4K4,22.7,529
MAP4K4,22.7,530
IL1RL2,0.099,531
SLC9A4,0.131,533
SLC9A4,0.131,534
TGFBRAP1,1.91,535
FHL2,20.8,536
FHL2,20.8,537
FHL2,20.8,538
LIMS1,6.92,539
LIMS1,6.92,540
RANBP2,18.6,541
RANBP2,18.6,542
RANBP2,18.6,543
10-Sep,0.21,544
ACOXL,0.638,545
SLC20A1,11,546
CKAP2L,4.2,547
IL36B,0.00233,548
PSD4,2.78,549
DDX18,15.4,550
DDX18,15.4,551
EN1,0.0569,552
EN1,0.0569,553
TMEM177,1.49,554
CLASP1,6.04,556
IWS1,10.9,557
MYO7B,0.462,558
MYO7B,0.462,559
SAP130,33.3,560
AMER3,0.242,562
GPR39,2.03,564
NCKAP5,0.269,565
ZRANB3,1.9,566
R3HDM1,10.1,567
CXCR4,2.28,568
THSD7B,0.258,569
THSD7B,0.258,570
LRP1B,0.0754,571
RIF1,5.26,572
NEB,0.17,573
NEB,0.17,574
NEB,0.17,575
STAM2,10.7,576
FMNL2,4.9,577
ARL6IP6,4.89,578
ERMN,0.0758,579
PKP4,5.69,580
TANC1,1.3,581
WDSUB1,2.39,582
PSMD14,21.9,583
PSMD14,21.9,584
SCN2A,0.32,585
SCN2A,0.32,586
XIRP2,0.518,587
STK39,8.87,588
NOSTRIN,4.57,589
LRP2,0.221,590
KLHL23,5.53,591
ERICH2,9.86,592
ERICH2,9.86,593
HAT1,7.38,594
GPR155,1.15,595
HOXD4,3.06,596
NFE2L2,29.6,597
PDE11A,0.716,598
OSBPL6,0.47,599
TTN,0.26,600
TTN,0.26,602
TTN,0.26,603
TTN,0.26,604
CCDC141,0.332,606
PDE1A,3.65,607
ZC3H15,26.7,608
TFPI,2,609
COL3A1,63.1,610
COL3A1,63.1,611
COL3A1,63.1,612
COL3A1,63.1,613
ANKAR,4.25,614
ANKAR,4.25,615
INPP1,21.2,616
NEMP2,2.03,617
NEMP2,2.03,618
DNAH7,2.75,619
HECW2,1.36,620
CCDC150,3.94,621
ANKRD44,1,622
BOLL,23.6,625
PLCL1,0.722,626
PLCL1,0.722,627
CASP10,0.477,628
TMEM237,2.63,629
KIAA2012,0.54,630
RAPH1,4.08,631
INO80D,0.672,632
NDUFS1,14.5,633
FASTKD2,4.07,634
FASTKD2,4.07,635
KLF7,1.59,636
PTH2R,0.3,637
MAP2,1.96,638
ERBB4,2.26,639
ERBB4,2.26,640
BARD1,3.82,641
ATIC,11.1,642
ATIC,11.1,643
FN1,17,644
FN1,17,645
FN1,17,646
ARPC2,37.3,647
ARPC2,37.3,648
ARPC2,37.3,649
ARPC2,37.3,650
PNKD,11,651
PLCD4,2.2,652
ZNF142,3.68,653
STK36,24.6,654
STK36,24.6,655
CYP27A1,6.92,656
ZFAND2B,6.19,657
ABCB6,13.9,658
SPEG,0.55,659
SPEG,0.55,660
SPEG,0.55,661
OBSL1,15.2,662
FARSB,8.18,663
FARSB,8.18,664
SERPINE2,31.2,665
FAM124B,0.187,666
CCL20,0.551,667
SPHKAP,0.202,668
TRIP12,33.1,669
TRIP12,33.1,670
TRIP12,33.1,671
TRIP12,33.1,672
TRIP12,33.1,673
TRIP12,33.1,674
TRIP12,33.1,675
TRIP12,33.1,676
TRIP12,33.1,677
SP100,1.8,678
ITM2C,12.7,679
PSMD1,16.3,680
PSMD1,16.3,681
PSMD1,16.3,682
PSMD1,16.3,683
PSMD1,16.3,684
DGKD,10.7,688
DGKD,10.7,689
ASB18,0.169,690
MLPH,0.619,691
ESPNL,0.214,693
PER2,8.59,694
CROCC2,0.0926,695
SNED1,5.28,696
SNED1,5.28,697
HDLBP,87.6,699
HDLBP,87.6,700
HDLBP,87.6,701
2-Sep,48.9,702
2-Sep,48.9,703
DTYMK,4.37,704
ING5,1.87,705
NEU4,0.0945,706
PDCD1,0.301,707
ITPR1,2.86,708
SETD5,5.3,709
SETD5,5.3,710
CAMK1,13.5,711
PRRT3,0.98,712
PRRT3,0.98,713
ATP2B2,0.293,714
SYN2,1.55,715
SYN2,1.55,716
SYN2,1.55,717
SYN2,1.55,718
SYN2,1.55,719
SYN2,1.55,720
SYN2,1.55,721
SYN2,1.55,722
SYN2,1.55,723
IQSEC1,5.18,724
IQSEC1,5.18,725
IQSEC1,5.18,726
NUP210,5.9,727
SLC6A6,2.77,728
SLC6A6,2.77,729
SLC6A6,2.77,730
SLC6A6,2.77,731
SLC6A6,2.77,732
SLC6A6,2.77,733
SLC6A6,2.77,734
SLC6A6,2.77,735
NR2C2,9.07,736
COLQ,1.96,737
PLCL2,1.51,738
PLCL2,1.51,739
TBC1D5,7.47,740
KCNH8,1.16,741
EFHB,6.87,742
CMC1,0.515,743
TGFBR2,5.6,744
GADL1,0.0239,745
CRTAP,9.61,746
CRTAP,9.61,747
MLH1,16.4,748
MLH1,16.4,749
GOLGA4,25.6,750
DLEC1,8.69,752
TTC21A,38.7,753
CSRNP1,5.68,754
CSRNP1,5.68,755
XIRP1,0.0273,756
XIRP1,0.0273,757
MYRIP,0.731,758
EIF1B,47.3,759
RPL14,75.1,760
RPL14,75.1,761
ULK4,6.64,762
ULK4,6.64,763
SEC22C,4.64,764
ZNF662,2.37,765
ZNF662,2.37,766
TCAIM,2.43,767
ZNF197,2.89,769
ZNF502,3.32,770
KIF15,7.94,771
LTF,0.184,772
KIF9,11.6,773
PTPN23,9.45,774
SCAP,20,775
SCAP,20,776
CSPG5,0.928,777
SMARCC1,18.2,778
SMARCC1,18.2,779
CELSR3,2.31,780
ARIH2,10.3,781
IMPDH2,18.9,783
USP19,12.8,786
USP19,12.8,787
LAMB2,23.3,788
LAMB2,23.3,789
GPX1,18.9,790
RHOA,96.6,791
RHOA,96.6,792
AMT,3.94,793
AMT,3.94,794
BSN,2.32,795
MST1R,1.68,796
RBM6,23.4,797
RBM5,24.6,798
IFRD2,8.38,799
IFRD2,8.38,800
HYAL1,0.541,801
ZMYND10,105,802
CACNA2D2,4.95,803
RAD54L2,3.28,805
RAD54L2,3.28,806
IQCF5,19.5,807
NT5DC2,15.9,808
NT5DC2,15.9,809
GNL3,18.8,810
GNL3,18.8,811
GNL3,18.8,812
ITIH3,2.17,813
DCP1A,5.35,815
CHDH,2.32,816
IL17RB,2.23,817
ACTR8,3.92,818
CCDC66,5.72,819
ARHGEF3,5.76,820
DNAH12,1.86,821
DNAH12,1.86,822
DENND6A,4.05,823
SLMAP,12.9,824
PDHB,28.9,825
PSMD6,46.4,826
MAGI1,3.93,827
MITF,1.31,829
ROBO2,0.923,830
ARL13B,3.72,831
CRYBG3,9.62,832
CRYBG3,9.62,833
CRYBG3,9.62,834
CRYBG3,9.62,835
GABRR3,0.0193,836
COL8A1,0.395,839
TBC1D23,10.8,840
NIT2,6.92,841
NIT2,6.92,843
LNP1,17.3,844
ABI3BP,6.91,845
TRMT10C,7.47,846
ZBTB11,5.82,847
NXPE3,2.54,848
CBLB,3.85,849
CBLB,3.85,850
CD47,3.75,851
CD47,3.75,852
CD47,3.75,853
CD47,3.75,854
CD47,3.75,855
MYH15,0.32,856
NECTIN3,7.16,859
NECTIN3,7.16,860
NECTIN3,7.16,861
NEPRO,7.31,862
SPICE1,3.67,863
TIMMDC1,25,864
CD80,0.436,865
PLA1A,2.1,866
GOLGB1,8.71,867
GOLGB1,8.71,868
CASR,0.0561,869
PARP14,2.63,870
ADCY5,4.29,871
HACD2,8.03,872
KALRN,1.47,873
KALRN,1.47,874
ALDH1L1,6.4,876
ALDH1L1,6.4,877
UROC1,0.0967,878
UROC1,0.0967,879
TXNRD3,13.5,880
MCM2,10.4,881
MGLL,3.57,882
DNAJB8,16.5,883
RPN1,65.6,884
RPN1,65.6,885
RAB7A,33.2,886
RAB7A,33.2,887
RAB7A,33.2,888
GP9,0.544,889
CNBP,47.1,890
CNBP,47.1,891
CNBP,47.1,892
COPG1,22.1,893
COPG1,22.1,894
IFT122,38.5,895
RHO,0.028,896
COL6A5,0.541,897
DNAJC13,7.42,898
ACAD11,9.23,899
UBA5,4.97,900
TOPBP1,17.9,901
TF,11.3,902
TF,11.3,903
RYK,29.8,904
PPP2R3A,3.54,905
STAG1,5.81,906
COPB2,18.3,907
PXYLP1,4.74,908
RASA2,2.94,909
XRN1,4.91,910
XRN1,4.91,911
U2SURP,13.7,912
PLOD2,5.75,913
WWTR1,5.21,914
PFN2,15.3,915
SIAH2,6.26,916
GMPS,20.1,917
TIPARP,21.7,918
CCNL1,8.79,919
MFSD1,6.12,920
MFSD1,6.12,921
MFSD1,6.12,922
SERPINI2,0.0369,923
GOLIM4,5.52,924
LRRC34,6.3,925
SLC7A14,0.17,926
SLC7A14,0.17,927
TNIK,5.44,928
PLD1,2.64,929
PLD1,2.64,930
PLD1,2.64,931
NCEH1,1.32,932
MFN1,8.6,933
ACTL6A,36.1,934
ACTL6A,36.1,935
ACTL6A,36.1,936
MRPL47,23.1,937
CCDC39,5.21,938
ATP11B,7.43,939
MCF2L2,0.963,940
KLHL24,2.85,941
AP2M1,77.7,943
AP2M1,77.7,944
AP2M1,77.7,945
PSMD2,63.5,946
EIF4G1,37.8,947
POLR2H,7.67,948
CHRD,0.619,949
EPHB3,0.634,950
VPS8,6.33,951
EHHADH,2.14,952
EHHADH,2.14,953
LIPH,1.89,954
DNAJB11,19.1,955
DNAJB11,19.1,956
RTP1,0.265,957
MASP1,0.151,958
TPRG1,0.474,959
CCDC50,6.98,960
ATP13A4,0.11,962
MUC4,0.406,963
MUC4,0.406,964
TNK2,4.36,965
RNF168,13.4,966
RPL35A,168,967
IQCG,16.8,968
IQCG,16.8,969
ZNF732,1.19,970
PIGG,2.92,971
GAK,16,972
DGKQ,3.61,973
DGKQ,3.61,974
FGFRL1,1.74,975
UVSSA,1.8,976
NKX1-1,0.0232,978
FAM53A,2.18,979
TACC3,26.2,980
TACC3,26.2,981
FGFR3,14.2,982
POLN,2.09,983
SH3BP2,2.43,984
HTT,7.95,985
HGFAC,2.21,986
DOK7,1,987
EVC2,0.829,989
EVC,2.19,990
CRMP1,2.05,991
CRMP1,2.05,992
WFS1,25.3,993
KIAA0232,8.04,995
SORCS2,0.922,996
HTRA3,2.44,997
CPZ,2.83,998
WDR1,53,999
BOD1L1,7.39,1000
QDPR,8.73,1001
SLIT2,0.71,1002
GBA3,0.551,1004
CCDC149,1.74,1005
SEL1L3,1.09,1006
ARAP2,2.23,1007
FAM114A1,3.83,1008
FAM114A1,3.83,1009
FAM114A1,3.83,1010
FAM114A1,3.83,1011
FAM114A1,3.83,1012
UBE2K,8.35,1013
UBE2K,8.35,1014
CHRNA9,0.0208,1015
SHISA3,0.41,1016
GUF1,4.22,1017
GABRB1,0.0466,1018
SLAIN2,22.7,1019
FRYL,3.02,1020
FRYL,3.02,1021
OCIAD2,5.67,1022
OCIAD2,5.67,1023
ERVMER34-1,0.465,1024
TMEM165,4.85,1025
TMEM165,4.85,1026
AASDH,2.14,1027
PPAT,6.82,1028
THEGL,1.01,1029
REST,8.38,1030
POLR2B,27.9,1031
POLR2B,27.9,1032
POLR2B,27.9,1033
POLR2B,27.9,1034
IGFBP7,172,1035
IGFBP7,172,1036
GNRHR,0.0328,1037
UGT2A1,0.0185,1038
SULT1B1,0.0844,1039
SULT1B1,0.0844,1040
SULT1E1,0.0165,1041
SMR3B,0.578,1042
MUC7,0.0104,1043
ENAM,0.196,1044
GRSF1,9.16,1045
GRSF1,9.16,1046
GRSF1,9.16,1047
ANKRD17,5.9,1048
AFM,0.0419,1049
CXCL8,0.346,1050
CXCL8,0.346,1051
CXCL8,0.346,1052
CXCL8,0.346,1053
MTHFD2L,0.847,1054
MTHFD2L,0.847,1055
MTHFD2L,0.847,1056
EREG,0.0585,1057
SDAD1,19.3,1058
SCARB2,23.8,1059
CCNI,87.4,1061
FRAS1,0.386,1062
BMP2K,9.88,1064
FGF5,0.00392,1065
HNRNPD,37.8,1067
THAP9,3.5,1068
HPSE,1.42,1069
HELQ,3.23,1070
HSD17B11,7.26,1071
NUDT9,4.82,1072
DSPP,0.00275,1073
HERC6,3.14,1074
HERC6,3.14,1075
MTTP,4.16,1076
NFKB1,6.82,1077
BDH2,5.84,1078
CENPE,2.84,1079
TBCK,2.42,1080
AIMP1,4.98,1081
PAPSS1,11.3,1082
PAPSS1,11.3,1083
COL25A1,1.9,1084
MCUB,1.96,1085
PLA2G12A,2.88,1086
LRIT3,0.182,1087
ZGRF1,2.51,1088
LARP7,8.42,1089
ANK2,2.34,1090
ANK2,2.34,1091
ANK2,2.34,1092
SEC24D,13,1093
SYNPO2,3.11,1094
QRFPR,0.0902,1095
ANXA5,54.8,1096
SPRY1,4.39,1099
FAT4,0.475,1100
MFSD8,3.46,1101
SCLT1,1.94,1102
SCLT1,1.94,1103
NAA15,10.3,1104
MGST2,5.85,1105
TBC1D9,3.05,1106
ZNF330,13.2,1107
INPP4B,2.23,1108
ANAPC10,3.12,1109
POU4F2,0.716,1110
LRBA,4.47,1111
LRBA,4.47,1112
FGB,0.0658,1113
MAP9,4.27,1114
TDO2,0.524,1115
TDO2,0.524,1116
CTSO,7.65,1117
FNIP2,3.75,1118
RAPGEF2,2.64,1119
NPY5R,0.672,1120
DDX60L,1.39,1122
DDX60L,1.39,1123
SH3RF1,5.1,1124
SH3RF1,5.1,1125
GALNT7,4.14,1126
WWC2,8.24,1127
IRF2,1.21,1128
SNX25,3.12,1129
UFSP2,18.5,1130
CCDC110,45,1131
SORBS2,0.628,1132
FAT1,5.44,1134
PLEKHG4B,0.627,1135
EXOC3,28.4,1136
EXOC3,28.4,1137
MRPL36,15,1138
IRX4,0.118,1139
IRX2,0.442,1140
ICE1,5.82,1141
ICE1,5.82,1142
FASTKD3,2.6,1143
MTRR,7.22,1144
ANKRD33B,0.981,1148
DNAH5,0.234,1149
TRIO,3.52,1150
MYO10,6.37,1152
CDH18,0.633,1153
DROSHA,6.29,1154
RAI14,11.2,1156
IL7R,2.53,1157
NADK2,8.81,1158
RANBP3L,2.37,1159
EGFLAM,4.57,1160
OXCT1,6.64,1162
CCDC152,34.9,1163
NNT,3.19,1164
NNT,3.19,1165
MOCS2,5.08,1166
GPX8,3.29,1167
DDX4,75,1170
DDX4,75,1171
ELOVL7,0.358,1172
ZSWIM6,4.35,1173
IPO11,13.4,1175
CD180,0.674,1176
RAD17,28.3,1177
BDP1,3.85,1178
ZNF366,0.402,1179
ANKDD1B,0.301,1181
IQGAP2,16.3,1182
PDE8B,2.14,1183
AP3B1,6.83,1184
AP3B1,6.83,1185
CMYA5,0.57,1186
CMYA5,0.57,1187
ATP6AP1L,1.65,1188
VCAN,3.95,1189
ADGRV1,0.554,1190
ADGRV1,0.554,1191
SLF1,2.31,1192
FAM81B,28.9,1193
SPATA9,4.09,1194
ERAP2,1.15,1195
CAMK4,2.57,1198
EPB41L4A,2.8,1199
APC,3.32,1200
REEP5,9.48,1201
REEP5,9.48,1202
REEP5,9.48,1203
MCC,0.702,1204
CCDC112,13.8,1205
TMED7,17.1,1206
DTWD2,1.4,1207
PPIC,7.4,1208
PPIC,7.4,1209
SLC27A6,6.92,1211
GDF9,3.67,1212
HSPA4,45.2,1213
HSPA4,45.2,1214
HSPA4,45.2,1215
HSPA4,45.2,1216
PPP2CA,27,1217
CDKL3,3.59,1218
SLC25A48,0.064,1220
IL9,0.000666,1221
TGFBI,6.27,1222
TGFBI,6.27,1223
PKD2L2,5.01,1225
GFRA3,2.52,1226
KDM3B,12.8,1227
KDM3B,12.8,1228
KDM3B,12.8,1229
CTNNA1,20.1,1230
UBE2D2,32.2,1232
TMCO6,6.78,1233
PCDHA5,2.57,1234
PCDHA5,2.57,1235
PCDHA13,2.73,1236
PCDHAC2,2.85,1237
PCDHGA7,8.81,1241
PCDHGB4,9.35,1242
ARHGAP26,3.33,1244
GRXCR2,0.18,1245
PPP2R2B,4.38,1247
PPP2R2B,4.38,1248
PCYOX1L,4.88,1249
PPARGC1B,0.429,1250
CD74,109,1251
SYNPO,7.63,1252
ANXA6,29.4,1253
ANXA6,29.4,1254
SPARC,273,1255
SPARC,273,1256
TTC1,20.9,1257
TTC1,20.9,1258
TTC1,20.9,1259
SLU7,13.8,1260
ATP10B,0.202,1261
GABRA6,0.207,1262
C5orf58,12.8,1265
LOC101928093,3.24,1266
ATP6V0E1,45.5,1267
SNCB,0.0974,1268
EIF4E1B,0.125,1269
FGFR4,1.9,1270
LMAN2,45.2,1271
RGS14,2.89,1272
RGS14,2.89,1273
B4GALT7,8.18,1274
COL23A1,0.872,1275
GRM6,0.254,1276
GRM6,0.254,1277
SQSTM1,28.6,1278
RACK1,171,1279
SERPINB6,22.2,1280
RREB1,5.82,1281
RREB1,5.82,1282
DSP,1.26,1283
TMEM14C,22.1,1284
SYCP2L,2.15,1285
HIVEP1,2.2,1287
HIVEP1,2.2,1288
PHACTR1,0.642,1289
TBC1D7,2.62,1291
JARID2,11.3,1292
ATXN1,1.95,1293
KIAA0319,0.643,1295
TDP2,18.2,1296
TDP2,18.2,1297
C6orf62,37.1,1298
C6orf62,37.1,1299
ZSCAN16,0.819,1302
ZKSCAN3,1.11,1303
ZSCAN12,1.45,1304
ZSCAN12,1.45,1305
SPDEF,0.0942,1306
SCUBE3,0.79,1307
TULP1,0.136,1308
SRPK1,31.2,1309
BRPF3,15.8,1310
ETV7,0.416,1311
PXT1,1.25,1312
MTCH1,23.5,1313
MTCH1,23.5,1314
RNF8,6.36,1316
ZFAND3,29.6,1317
DNAH8,4.55,1318
DAAM2,4.74,1319
OARD1,23.2,1320
TREM2,0.52,1321
TOMM6,42.7,1322
TOMM6,42.7,1323
UBR2,4.05,1324
UBR2,4.05,1325
BICRAL,3.88,1326
BICRAL,3.88,1327
BICRAL,3.88,1328
PPP2R5D,23.4,1329
CUL7,5.41,1330
MRPL2,8.9,1331
KLC4,10.1,1332
POLR1C,7.67,1333
POLH,2.69,1334
MRPL14,12,1336
MRPL14,12,1337
TMEM63B,16.8,1338
MYMX,0.0604,1339
TMEM151B,1.77,1340
RUNX2,0.45,1341
CD2AP,7.15,1342
GCLC,7.13,1343
GCLC,7.13,1344
GCLC,7.13,1345
FAM83B,0.215,1346
DST,3.91,1347
DST,3.91,1348
PHF3,15.5,1349
ADGRB3,0.501,1350
ADGRB3,0.501,1351
SMAP1,9.05,1352
KHDC1,1,1353
COL12A1,1.6,1354
MEI4,1.9,1355
ELOVL4,4.01,1356
BCKDHB,1.03,1357
SNX14,29.7,1358
RARS2,8,1359
RARS2,8,1360
RARS2,8,1361
RARS2,8,1362
RARS2,8,1363
MDN1,4.84,1364
MDN1,4.84,1365
MDN1,4.84,1366
PNISR,13.6,1369
ASCC3,3.07,1370
POPDC3,1.62,1371
PDSS2,2.23,1372
SCML4,0.287,1373
SNX3,54.4,1374
SMPD2,14.6,1375
FIG4,4.39,1376
SLC22A16,7.54,1377
LAMA4,6.57,1378
LAMA4,6.57,1379
MARCKS,8.2,1380
HDAC2,14.7,1381
HDAC2,14.7,1382
HDAC2,14.7,1383
HDAC2,14.7,1384
HDAC2,14.7,1385
HDAC2,14.7,1386
HDAC2,14.7,1387
ROS1,0.16,1388
ROS1,0.16,1389
ROS1,0.16,1390
MAN1A1,5.39,1391
TBC1D32,1.75,1392
HDDC2,19.1,1393
RNF146,4.99,1394
ECHDC1,6.08,1395
SAMD3,1.24,1396
SAMD3,1.24,1397
ENPP1,1.69,1398
AHI1,9.22,1399
NHSL1,0.0923,1401
ABRACL,14.7,1404
ADGRG6,1.21,1405
FUCA2,8.46,1406
FUCA2,8.46,1407
FUCA2,8.46,1408
GRM1,0.241,1409
PPIL4,11,1410
GINM1,24.8,1411
KATNA1,17.1,1412
KATNA1,17.1,1413
IYD,0.0374,1414
PLEKHG1,2.78,1415
AKAP12,48.3,1416
SYNE1,3.7,1417
FBXO5,2.38,1418
SCAF8,16.6,1419
TIAM2,5.6,1420
SYNJ2,2.5,1421
RSPH3,3.28,1422
SOD2,14.7,1423
MRPL18,18.6,1424
MRPL18,18.6,1425
MAP3K4,9.13,1426
PACRG,0.806,1427
RNASET2,6.77,1428
AFDN,11.5,1431
WDR27,1.45,1433
WDR27,1.45,1434
WDR27,1.45,1435
DLL1,0.664,1436
FAM20C,2.34,1437
DNAAF5,4.75,1438
DNAAF5,4.75,1439
SUN1,29,1440
ADAP1,0.589,1441
C7orf50,1.9,1442
UNCX,0.00668,1443
UNCX,0.00668,1444
INTS1,19.9,1445
INTS1,19.9,1446
INTS1,19.9,1447
INTS1,19.9,1448
INTS1,19.9,1449
ELFN1,0.164,1450
EIF3B,39.2,1451
LFNG,1.78,1452
SDK1,1.77,1453
SDK1,1.77,1454
SDK1,1.77,1455
FOXK1,3.71,1456
TNRC18,3.78,1458
RAC1,38.9,1459
GRID2IP,0.186,1460
ZDHHC4,19.9,1461
ZNF316,3.39,1462
ZNF316,3.39,1463
ZNF316,3.39,1464
ZNF316,3.39,1465
RPA3,5.77,1466
UMAD1,4.24,1467
UMAD1,4.24,1468
NDUFA4,14.1,1469
THSD7A,0.546,1470
DGKB,0.034,1471
MEOX2,2.13,1472
TSPAN13,6.29,1473
HDAC9,1.08,1474
HDAC9,1.08,1475
HDAC9,1.08,1476
HDAC9,1.08,1477
HDAC9,1.08,1478
HDAC9,1.08,1479
SP8,0.102,1480
DNAH11,0.802,1481
STK31,35,1482
HOXA3,0.369,1484
CPVL,13.2,1486
BBS9,3.25,1490
STARD3NL,13.2,1491
STARD3NL,13.2,1492
RALA,6.78,1493
STK17A,7.75,1495
STK17A,7.75,1496
STK17A,7.75,1497
COA1,2.5,1498
YKT6,19.4,1499
DDX56,13.1,1500
DDX56,13.1,1501
NACAD,3.09,1502
NACAD,3.09,1503
PKD1L1,0.642,1504
UPP1,1.59,1505
UPP1,1.59,1506
UPP1,1.59,1507
ABCA13,0.293,1508
GRB10,4.31,1509
COBL,1.36,1510
VOPP1,3.33,1511
VOPP1,3.33,1512
ZNF713,1.84,1513
ASL,2.04,1514
FKBP6,29.1,1515
MLXIPL,6.33,1517
STX1A,0.968,1518
HIP1,7.42,1519
MDH2,23.6,1520
SRRM3,1.04,1521
SRRM3,1.04,1522
SRRM3,1.04,1523
GSAP,1.97,1524
PTPN12,19.6,1525
SEMA3C,8.75,1526
PCLO,0.747,1527
PCLO,0.747,1528
PCLO,0.747,1529
PCLO,0.747,1530
PCLO,0.747,1531
PCLO,0.747,1532
PCLO,0.747,1533
SEMA3A,0.355,1534
CROT,1,1535
CROT,1,1536
ZNF804B,0.0585,1537
ZNF804B,0.0585,1538
AKAP9,3.77,1539
PEX1,6.89,1540
VPS50,2.55,1541
CALCR,0.383,1542
COL1A2,126,1543
PON1,0.157,1544
SEM1,6.21,1545
DLX6,2.23,1546
SMURF1,21.7,1547
SMURF1,21.7,1548
KPNA7,0.062,1549
BUD31,15.1,1550
BUD31,15.1,1551
CYP3A5,0.0974,1552
COPS6,32.3,1553
ZCWPW1,22.5,1554
MEPCE,29.4,1555
AGFG2,4.65,1556
MOSPD3,9.92,1557
MOSPD3,9.92,1558
TFR2,0.225,1559
GNB2,38.5,1560
ZAN,0.494,1561
SLC12A9,2.55,1562
SRRT,58.6,1563
MUC3A,0.126,1564
SERPINE1,4.55,1565
SERPINE1,4.55,1566
CUX1,2.67,1567
POLR2J,13.9,1568
PUS7,3.3,1569
CDHR3,0.122,1570
PIK3CG,2.26,1571
DLD,15.4,1572
LAMB1,11,1573
LAMB1,11,1574
NRCAM,0.613,1575
IMMP2L,0.206,1576
GPR85,1.07,1577
CAV2,9.66,1578
CAV2,9.66,1579
MET,0.276,1580
WNT2,0.713,1581
ASB15,0.704,1582
LMOD2,0.125,1583
FSCN3,43.2,1585
SND1,13.5,1586
SND1,13.5,1587
SND1,13.5,1588
KCP,0.168,1590
IRF5,0.724,1591
NRF1,3.22,1592
TMEM209,7.89,1593
PODXL,3.16,1594
PLXNA4,0.482,1595
CHCHD3,6.99,1596
EXOC4,5.86,1597
LRGUK,0.61,1598
AKR1B1,15.2,1599
AKR1B1,15.2,1600
AKR1B15,0.292,1601
SVOPL,0.245,1602
ATP6V0A4,0.168,1603
ATP6V0A4,0.168,1604
WEE2,0.252,1605
MGAM,0.703,1607
MGAM2,0.96,1608
EPHB6,5.61,1609
TRPV6,1.6,1610
TRPV6,1.6,1611
KEL,20.3,1612
TMEM139,2.06,1614
CASP2,6.63,1615
CLCN1,0.468,1616
CLCN1,0.468,1617
LOC100507507,1.48,1618
ZYX,43.4,1619
ZYX,43.4,1620
EPHA1,3.46,1622
CNTNAP2,0.687,1624
CUL1,51.8,1625
CUL1,51.8,1626
EZH2,8.59,1627
ZNF783,3.53,1628
KRBA1,2.26,1629
ZNF862,1.95,1631
ZNF862,1.95,1632
GIMAP7,3.73,1633
ATG9B,3.97,1634
AGAP3,3.58,1635
AGAP3,3.58,1636
IQCA1L,1.51,1637
IQCA1L,1.51,1638
IQCA1L,1.51,1639
IQCA1L,1.51,1640
IQCA1L,1.51,1641
IQCA1L,1.51,1642
IQCA1L,1.51,1643
IQCA1L,1.51,1644
IQCA1L,1.51,1645
IQCA1L,1.51,1647
WDR86,1.91,1648
GALNT11,5.05,1649
PAXIP1,6.32,1650
LOC389602,0.00719,1651
MNX1,0.222,1652
PTPRN2,0.769,1653
ZNF596,4.58,1654
ZNF596,4.58,1655
TDRP,5.11,1656
ERICH1,0.706,1657
CLN8,2.91,1658
MYOM2,1.99,1659
CSMD1,1.64,1660
CSMD1,1.64,1661
MCPH1,1.07,1662
XKR5,0.0585,1663
PRAG1,1.05,1664
RP1L1,0.0869,1665
RP1L1,0.0869,1666
PINX1,4.3,1667
NEIL2,11.7,1668
FDFT1,31.3,1669
CTSB,23.5,1670
LONRF1,9.16,1671
MSR1,1.85,1672
PDGFRL,3.67,1673
FGL1,0.929,1674
NAT1,0.639,1675
CSGALNACT1,0.791,1676
ATP6V1B2,13.5,1678
ATP6V1B2,13.5,1679
NUDT18,2.27,1680
LGI3,0.429,1681
PIWIL2,18.5,1682
PPP3CC,12.8,1683
PPP3CC,12.8,1684
SORBS3,30.2,1685
SORBS3,30.2,1686
PDLIM2,1.28,1687
PDLIM2,1.28,1688
C8orf58,9.07,1689
SLC25A37,4.36,1690
TRIM35,5.04,1691
TRIM35,5.04,1692
TRIM35,5.04,1693
TRIM35,5.04,1694
PTK2B,5.82,1695
PTK2B,5.82,1696
PTK2B,5.82,1697
KIF13B,5.09,1698
SARAF,55.8,1699
DCTN6,12.8,1700
DCTN6,12.8,1701
RBPMS,4.43,1702
FUT10,1.12,1703
KCNU1,4.25,1704
ZNF703,0.328,1705
PLPBP,4.12,1706
BRF2,11.1,1707
STAR,70.1,1708
LETM2,3.01,1709
ADAM9,7.12,1710
ADAM9,7.12,1711
ADAM9,7.12,1712
ADAM9,7.12,1713
ADAM9,7.12,1714
ADAM9,7.12,1715
IDO1,0.624,1716
ANK1,0.277,1717
AP3M2,10.7,1718
SPIDR,6.29,1719
LYPLA1,35,1721
TGS1,5.04,1723
NSMAF,4.39,1725
CA8,2.37,1726
CA8,2.37,1727
CHD7,1.97,1728
ASPH,2.18,1729
ARFGEF1,17.8,1730
ARFGEF1,17.8,1731
ARFGEF1,17.8,1732
PREX2,0.763,1733
TRPA1,0.131,1734
PAG1,0.631,1735
FABP4,1.22,1736
FABP4,1.22,1737
IMPA1,15.4,1738
ATP6V0D2,0.033,1740
RMDN1,5.76,1741
NBN,8.28,1742
DECR1,15.3,1743
DECR1,15.3,1744
DECR1,15.3,1745
SLC26A7,0.489,1746
INTS8,9.04,1747
MTERF3,5.87,1748
SDC2,9.65,1749
SDC2,9.65,1750
MATN2,17.4,1751
VPS13B,2.59,1752
VPS13B,2.59,1753
UBR5,18.6,1754
UBR5,18.6,1755
UBR5,18.6,1756
BAALC,0.859,1757
EMC2,11.4,1759
NUDCD1,6.9,1761
ENY2,7.84,1762
PKHD1L1,0.117,1763
PKHD1L1,0.117,1764
CSMD3,0.688,1765
EIF3H,88.4,1766
EIF3H,88.4,1767
EIF3H,88.4,1768
EIF3H,88.4,1769
ENPP2,18,1770
DEPTOR,0.867,1771
TBC1D31,3.1,1772
ATAD2,16.6,1773
KLHL38,0.0544,1774
SQLE,28.3,1775
SQLE,28.3,1776
WASHC5,5.41,1777
TRIB1,4.39,1778
SLA,1.12,1783
SLA,1.12,1784
TRAPPC9,1.79,1785
PTK2,15.9,1786
SLC45A4,5,1787
ADGRB1,0.808,1788
ADGRB1,0.808,1789
MROH6,1.48,1792
EEF1D,15.1,1793
ZNF623,4.67,1797
FAM83H,0.927,1798
PUF60,14.9,1799
NRBP2,7.54,1800
GRINA,59.9,1801
GPAA1,18.9,1802
CYC1,14.3,1803
HSF1,48.5,1804
HSF1,48.5,1805
FBXL6,5,1806
TONSL,1.96,1807
GPT,0.78,1808
RPL8,165,1809
RPL8,165,1810
DOCK8,5.22,1811
KANK1,5.04,1812
DMRT1,14.4,1813
AK3,4.7,1814
INSL6,5.95,1815
RIC1,4.97,1816
KIAA2026,4.15,1817
UHRF2,9.13,1818
KDM4C,1.72,1819
PTPRD,1.39,1820
MPDZ,4.77,1821
FREM1,0.737,1822
FREM1,0.737,1823
CCDC171,2.35,1824
CCDC171,2.35,1825
ADAMTSL1,0.292,1826
HAUS6,9.43,1827
DMRTA1,0.195,1828
PLAA,7.61,1829
PLAA,7.61,1830
PLAA,7.61,1831
PLAA,7.61,1832
PLAA,7.61,1833
PLAA,7.61,1834
IFNK,0.00294,1835
LINGO2,0.231,1836
LINGO2,0.231,1837
NDUFB6,28.7,1838
B4GALT1,34.2,1840
DCAF12,38.5,1841
NUDT2,6.25,1842
FAM205C,8.48,1844
FAM205C,8.48,1845
FAM205C,8.48,1846
DNAJB5,8.79,1847
VCP,42.5,1848
STOML2,19,1849
STOML2,19,1850
STOML2,19,1851
STOML2,19,1852
STOML2,19,1853
CCDC107,5.19,1854
TPM2,23.3,1855
TLN1,24.1,1856
MSMP,8.71,1857
SPAG8,9.83,1858
SPAG8,9.83,1859
TMEM8B,2.09,1860
RECK,2.39,1861
POLR1E,4.51,1863
SLC25A51,1.78,1864
APBA1,1.92,1866
MAMDC2,4.48,1867
TRPM3,0.625,1868
ANXA1,10.4,1870
ANXA1,10.4,1871
ANXA1,10.4,1872
ANXA1,10.4,1873
RORB,0.523,1874
TRPM6,0.813,1875
C9orf40,6.55,1876
C9orf40,6.55,1877
CARNMT1,4.64,1878
PRUNE2,1.51,1879
PRUNE2,1.51,1880
PRUNE2,1.51,1881
AGTPBP1,3.8,1882
C9orf153,6.37,1883
CTSL,34.4,1885
CTSL,34.4,1886
CTSL,34.4,1887
CDK20,10.1,1888
AUH,1.25,1889
ASPN,0.989,1893
ASPN,0.989,1894
ZNF484,1.04,1895
WNK2,1.44,1896
WNK2,1.44,1897
PHF2,5.98,1898
ZNF367,3.56,1899
CDC14B,5.4,1900
TDRD7,23.9,1901
TRMO,1.81,1902
ANP32B,23.6,1903
ANP32B,23.6,1904
NANS,5.3,1905
NANS,5.3,1906
ALG2,8.26,1907
ERP44,8.01,1908
INVS,4.09,1909
TEX10,16.7,1910
CYLC2,24.6,1911
NIPSNAP3A,10.2,1912
NIPSNAP3A,10.2,1913
TMEM245,10.3,1914
EPB41L4B,2.9,1915
SVEP1,1.04,1916
SVEP1,1.04,1917
LPAR1,3,1918
PTGR1,4.59,1922
PTBP3,11.8,1924
BSPRY,1.52,1927
HDHD3,3.1,1928
KIF12,0.881,1929
AKNA,3.99,1930
TNC,2.26,1931
PAPPA,0.453,1932
PAPPA,0.453,1933
CDK5RAP2,15.6,1934
TRAF1,1.57,1935
CNTRL,22.2,1936
CNTRL,22.2,1937
DAB2IP,8.36,1938
CRB2,0.512,1943
CRB2,0.512,1944
NR5A1,8.31,1945
NR5A1,8.31,1946
ARPC5L,7.23,1947
GOLGA1,12.1,1948
MVB12B,1.96,1949
MVB12B,1.96,1950
ANGPTL2,1.8,1951
TTC16,9.01,1953
CIZ1,27.7,1954
CIZ1,27.7,1955
CIZ1,27.7,1956
CIZ1,27.7,1957
GOLGA2,12.2,1958
ODF2,77.1,1959
ODF2,77.1,1960
SPTAN1,42.6,1961
KYAT1,1.42,1962
LRRC8A,8.1,1963
HMCN2,0.856,1964
HMCN2,0.856,1965
HMCN2,0.856,1966
HMCN2,0.856,1967
HMCN2,0.856,1968
HMCN2,0.856,1969
HMCN2,0.856,1970
HMCN2,0.856,1971
HMCN2,0.856,1972
HMCN2,0.856,1973
HMCN2,0.856,1975
POMT1,15.9,1976
SETX,18.4,1977
CFAP77,4.84,1978
ADAMTS13,2.64,1979
ADAMTS13,2.64,1980
ADAMTS13,2.64,1981
DBH,0.241,1982
COL5A1,4,1983
CAMSAP1,12.4,1984
QSOX2,7.02,1985
MAMDC4,2.41,1988
EDF1,44.5,1989
EDF1,44.5,1990
ABCA2,4.29,1991
ABCA2,4.29,1992
UAP1L1,1.69,1993
TPRN,1.77,1994
TOR4A,0.382,1995
CACNA1B,2.31,1996
ADARB2,0.46,1997
PITRM1,22.7,1998
CELF2,2.65,2000
ECHDC3,6.3,2001
NUDT5,3.86,2002
CDC123,18.8,2003
CDC123,18.8,2004
CDC123,18.8,2005
CAMK1D,1.55,2006
OPTN,40,2007
FRMD4A,0.99,2008
MINDY3,4.5,2010
VIM,180,2011
VIM,180,2012
COMMD3,24.2,2014
SPAG6,51.6,2015
ARMC3,12.7,2016
ARHGAP21,7.81,2018
ANKRD26,3.22,2019
MKX,0.434,2020
JCAD,12.8,2021
JCAD,12.8,2022
JCAD,12.8,2023
CCDC7,14.7,2024
CCDC7,14.7,2025
CREM,18.8,2026
GJD4,0.0627,2027
RET,1.19,2030
RET,1.19,2031
FXYD4,0.402,2032
HNRNPF,45.8,2033
ALOX5,1.39,2035
GPRIN2,0.306,2038
MAPK8,5.93,2039
DRGX,0.0491,2040
NCOA4,24.4,2041
PCDH15,0.137,2042
PCDH15,0.137,2043
PCDH15,0.137,2044
PCDH15,0.137,2045
SLC16A9,6.06,2046
ARID5B,3.9,2047
RTKN2,2.2,2048
RTKN2,2.2,2049
DNAJC12,3.39,2050
HNRNPH3,44.2,2051
HNRNPH3,44.2,2052
HNRNPH3,44.2,2053
HNRNPH3,44.2,2054
CCAR1,12.6,2055
SRGN,6.68,2056
SRGN,6.68,2057
COL13A1,0.228,2058
TYSND1,9.41,2060
CDH23,2.22,2061
CDH23,2.22,2062
PSAP,284,2063
ASCC1,5.49,2064
DDIT4,12.6,2065
P4HA1,12.4,2066
NUDT13,1.94,2067
ANXA7,9.98,2068
ANXA7,9.98,2069
USP54,3.4,2071
ZSWIM8,21.4,2072
CAMK2G,3.07,2073
AP3M1,8.5,2074
KAT6B,7.96,2075
KAT6B,7.96,2076
TMEM254,10.3,2077
ANXA11,7.93,2078
ANXA11,7.93,2079
ANXA11,7.93,2080
DYDC1,10.7,2081
GHITM,78.6,2082
OPN4,0.042,2083
KIF20B,5.21,2085
FRA10AC1,5.28,2088
TBC1D12,4.92,2089
HELLS,2,2090
SORBS1,4.65,2091
CC2D2B,1.87,2092
CC2D2B,1.87,2093
CC2D2B,1.87,2094
DNTT,0.328,2095
SLIT1,0.68,2096
RRP12,9.77,2098
MMS19,13.9,2099
ANKRD2,0.229,2100
ANKRD2,0.229,2101
GOLGA7B,0.502,2102
CRTAC1,2.06,2103
R3HCC1L,8.87,2104
R3HCC1L,8.87,2105
HPSE2,0.983,2106
CNNM1,6.91,2107
COX15,4.15,2108
ABCC2,0.337,2109
DNMBP,4.85,2110
DNMBP,4.85,2111
PKD2L1,0.987,2112
SEC31B,7.48,2113
NDUFB8,21.8,2114
PAX2,0.14,2115
POLL,14.6,2116
GBF1,17.9,2120
MFSD13A,5.26,2121
MFSD13A,5.26,2122
SFXN2,0.699,2123
NT5C2,11.8,2124
CALHM2,6.49,2125
NEURL1,2.2,2126
SORCS3,0.566,2127
SMNDC1,12.7,2128
SMNDC1,12.7,2129
TCF7L2,3.93,2130
DCLRE1A,3.27,2131
GFRA1,2.03,2133
PNLIPRP1,0.0757,2134
CACUL1,10.9,2135
GRK5,2.93,2136
TIAL1,9.01,2137
TIAL1,9.01,2138
WDR11,11.5,2139
WDR11,11.5,2140
WDR11,11.5,2141
WDR11,11.5,2142
ATE1,7.86,2143
TACC2,1.18,2144
PLEKHA1,9.36,2145
HMX3,0.0446,2146
TEX36,3.75,2147
UROS,3.41,2148
UROS,3.41,2149
UROS,3.41,2150
TCERG1L,1.04,2151
TCERG1L,1.04,2152
BNIP3,13.5,2153
STK32C,3.16,2154
CALY,0.715,2155
CYP2E1,2.38,2156
PGGHG,3.28,2157
B4GALNT4,0.298,2158
HRAS,5.68,2159
PHRF1,9.09,2160
PHRF1,9.09,2161
CDHR5,0.17,2162
DRD4,0.189,2163
TALDO1,27,2164
TALDO1,27,2165
TALDO1,27,2166
RPLP2,151,2167
PNPLA2,11.7,2168
CRACR2B,0.304,2169
LOC101927503,0.139,2170
LOC101927503,0.139,2171
MUC5AC,0.0609,2172
MUC5B,0.0528,2173
MUC5B,0.0528,2174
MUC5B,0.0528,2175
BRSK2,1.99,2176
ASCL2,0.265,2180
CD81,103,2181
CD81,103,2182
TSSC4,6.47,2183
KCNQ1,0.946,2184
CDKN1C,1.51,2185
CDKN1C,1.51,2186
SLC22A18AS,0.147,2187
SLC22A18,2.52,2188
SLC22A18,2.52,2189
OSBPL5,1.2,2190
TRIM34,2.17,2198
TRIM22,10.4,2199
CAVIN3,13.8,2201
ILK,20.3,2202
ILK,20.3,2203
ILK,20.3,2204
NLRP14,0.592,2206
DENND5A,11.2,2208
TMEM41B,5.07,2209
EIF4G2,148,2211
EIF4G2,148,2212
EIF4G2,148,2213
EIF4G2,148,2214
EIF4G2,148,2215
EIF4G2,148,2216
EIF4G2,148,2217
EIF4G2,148,2218
EIF4G2,148,2219
EIF4G2,148,2220
EIF4G2,148,2221
ZBED5,11,2222
BTBD10,14.5,2225
COPB1,29.8,2226
COPB1,29.8,2227
COPB1,29.8,2228
CYP2R1,2.24,2229
INSC,0.189,2230
PIK3C2A,13,2231
USH1C,0.122,2232
USH1C,0.122,2233
OTOG,0.591,2234
PTPN5,0.855,2235
NAV2,0.27,2236
ANO5,1.93,2237
GAS2,0.5,2238
SVIP,4.43,2239
SVIP,4.43,2240
SVIP,4.43,2241
SVIP,4.43,2242
LUZP2,0.117,2243
SLC5A12,0.0435,2244
EIF3M,35.3,2245
EIF3M,35.3,2246
QSER1,5.5,2247
FBXO3,8.14,2248
PAMR1,0.163,2249
TRIM44,10.9,2250
LDLRAD3,2.7,2251
TRAF6,2.67,2252
LRRC4C,0.0525,2254
LRRC4C,0.0525,2255
API5,10,2256
ACCSL,0.199,2257
CREB3L1,2.91,2259
DGKZ,4.25,2260
DGKZ,4.25,2261
AMBRA1,5.33,2263
CKAP5,28.9,2264
LRP4,1.12,2265
MADD,18.1,2267
CELF1,12.1,2268
NDUFS3,22.3,2269
NDUFS3,22.3,2270
NDUFS3,22.3,2271
NDUFS3,22.3,2272
MTCH2,21.6,2273
MTCH2,21.6,2274
FNBP4,7.63,2276
RTN4RL2,0.457,2279
TIMM10,4.76,2280
SERPING1,45.2,2281
SELENOH,10.7,2282
FAM111A,4.36,2284
PATL1,9.66,2285
MS4A8,0.215,2287
TMEM132A,1.25,2288
TMEM132A,1.25,2289
VPS37C,7.99,2290
PPP1R32,28.8,2291
DAGLA,1.49,2292
RAB3IL1,14.7,2293
INCENP,4.05,2294
AHNAK,15,2295
AHNAK,15,2296
AHNAK,15,2297
TUT1,10.1,2298
LRRN4CL,0.884,2299
POLR2G,17.5,2300
WDR74,6.51,2302
SLC3A2,26.9,2303
SLC3A2,26.9,2304
TRPT1,14.2,2307
TRPT1,14.2,2308
TRPT1,14.2,2309
SF1,37,2310
ATG2A,4.36,2311
PPP2R5B,3.05,2312
FAU,112,2313
SLC25A45,1.24,2314
EHBP1L1,4.66,2315
PCNX3,9.41,2316
KAT5,13.1,2317
OVOL1,9.09,2318
EFEMP2,9.45,2319
TSGA10IP,2.71,2320
SF3B2,77.2,2321
SF3B2,77.2,2322
MRPL11,4.03,2323
BBS1,9.16,2324
RBM14,10.9,2325
RBM14-RBM4,23.3,2326
KDM2A,25.2,2327
RAD9A,5.17,2328
RAD9A,5.17,2329
PPP1CA,18.7,2330
NDUFV1,36.9,2331
ALDH3B2,0.0276,2332
TCIRG1,7.01,2333
TESMIN,13.8,2334
ANO1,3.98,2336
DHCR7,23.1,2337
LRTOMT,8.66,2338
UCP2,10.3,2339
UCP2,10.3,2340
POLD3,7.41,2341
KLHL35,2.65,2342
GDPD5,6.97,2343
LOC100506127,0.459,2344
LOC100506127,0.459,2345
LRRC32,2.77,2346
RSF1,5.97,2348
RSF1,5.97,2349
ALG8,15.9,2350
NARS2,2.76,2351
TENM4,0.699,2352
PCF11,11.2,2356
DLG2,0.58,2357
EED,1.76,2358
FZD4,5.32,2359
CTSC,4.55,2360
CTSC,4.55,2361
CTSC,4.55,2362
CTSC,4.55,2363
CTSC,4.55,2364
CTSC,4.55,2365
CTSC,4.55,2366
CEP295,2.78,2367
C11orf54,4,2368
MED17,5.91,2369
MED17,5.91,2370
CWC15,28.2,2372
PGR,0.553,2373
PGR,0.553,2374
CEP126,8.15,2375
MMP8,0.0293,2376
MMP1,0.158,2377
MMP1,0.158,2378
WTAPP1,0.875,2379
WTAPP1,0.875,2380
MMP1,0.158,2381
MMP3,0.0151,2382
DCUN1D5,1.53,2383
DYNC2H1,4.01,2384
DYNC2H1,4.01,2385
MSANTD4,4.91,2387
ATM,3.12,2388
ATM,3.12,2389
C11orf65,4.59,2390
EXPH5,0.257,2391
EXPH5,0.257,2392
EXPH5,0.257,2393
DDX10,11.1,2394
RDX,23.1,2395
RDX,23.1,2396
TMPRSS5,0.254,2397
ZW10,9.54,2398
APOA4,0.346,2400
LOC100652768,7.97,2401
TAGLN,36.6,2402
TAGLN,36.6,2403
TAGLN,36.6,2404
PCSK7,13.1,2405
FXYD6,40.3,2406
TMPRSS13,0.216,2407
JAML,1.05,2408
CD3D,1.11,2409
KMT2A,3.25,2410
IFT46,5.35,2411
TRAPPC4,25,2412
TRAPPC4,25,2413
VPS11,9.53,2414
VPS11,9.53,2415
VPS11,9.53,2416
HINFP,5.74,2417
USP2,31.6,2419
NECTIN1,0.878,2420
GRIK4,0.29,2421
TBCEL,8.77,2422
ROBO4,1.65,2423
ROBO4,1.65,2424
CDON,2.72,2425
CDON,2.72,2426
ST3GAL4,15,2427
KIRREL3,0.137,2428
APLP2,42.1,2429
APLP2,42.1,2430
ADAMTS8,0.38,2431
NCAPD3,6.55,2432
NCAPD3,6.55,2433
GLB1L2,5.6,2434
GLB1L2,5.6,2435
ERC1,4.78,2437
CACNA2D4,1.06,2438
TSPAN9,2.42,2439
AKAP3,61.4,2440
VWF,11,2441
VWF,11,2442
CD9,9.23,2443
CD9,9.23,2444
CD9,9.23,2445
MRPL51,74.7,2446
SPSB2,3.07,2447
SPSB2,3.07,2448
C12orf57,16.2,2449
PHB2,22.2,2450
PHB2,22.2,2451
C1RL,3.42,2452
RBP5,1.62,2453
RBP5,1.62,2454
CD163L1,1.34,2455
A2ML1,2.04,2456
A2ML1,2.04,2457
KLRC4-KLRK1,2.07,2458
C12orf60,3.43,2460
ARHGDIB,9.07,2461
PDE3A,0.364,2465
SLCO1A2,0.127,2466
ABCC9,0.388,2467
CMAS,45.8,2468
CMAS,45.8,2469
SOX5,1.63,2470
BCAT1,3.95,2471
KRAS,6.39,2478
LMNTD1,1.66,2479
RASSF8,12.8,2480
BHLHE41,3.84,2481
TM7SF3,6.07,2482
TM7SF3,6.07,2483
SYT10,0.173,2486
SLC2A13,0.71,2487
LRRK2,0.9,2488
MUC19,0.897,2489
MUC19,0.897,2490
MUC19,0.897,2491
MUC19,0.897,2492
MUC19,0.897,2493
MUC19,0.897,2494
MUC19,0.897,2495
MUC19,0.897,2496
MUC19,0.897,2497
MUC19,0.897,2498
MUC19,0.897,2499
MUC19,0.897,2500
MUC19,0.897,2501
MUC19,0.897,2502
MUC19,0.897,2503
MUC19,0.897,2504
MUC19,0.897,2505
MUC19,0.897,2506
MUC19,0.897,2507
MUC19,0.897,2508
MUC19,0.897,2509
MUC19,0.897,2510
MUC19,0.897,2511
MUC19,0.897,2512
MUC19,0.897,2513
MUC19,0.897,2514
MUC19,0.897,2515
MUC19,0.897,2517
MUC19,0.897,2518
MUC19,0.897,2519
MUC19,0.897,2520
MUC19,0.897,2521
MUC19,0.897,2522
MUC19,0.897,2523
MUC19,0.897,2524
MUC19,0.897,2525
MUC19,0.897,2526
MUC19,0.897,2527
MUC19,0.897,2528
MUC19,0.897,2529
MUC19,0.897,2530
MUC19,0.897,2531
MUC19,0.897,2532
MUC19,0.897,2533
MUC19,0.897,2534
MUC19,0.897,2535
MUC19,0.897,2536
MUC19,0.897,2537
MUC19,0.897,2538
MUC19,0.897,2539
MUC19,0.897,2540
PDZRN4,2.37,2541
PDZRN4,2.37,2542
ARID2,13.4,2543
SLC38A4,0.132,2544
PCED1B,2.38,2545
PCED1B,2.38,2546
TMEM106C,17.9,2547
PFKM,18.9,2548
OR8S1,0.0453,2549
CCDC65,23.4,2550
WNT10B,0.438,2551
KMT2D,5.01,2552
DNAJC22,0.287,2553
KCNH3,0.929,2554
KCNH3,0.929,2555
TMBIM6,82.6,2556
TMBIM6,82.6,2557
NCKAP5L,5.33,2558
AQP5,61.4,2559
CERS5,3.86,2560
DIP2B,6.45,2561
POU6F1,0.65,2562
ATG101,15.8,2563
KRT84,0.0191,2564
KRT4,0.0255,2565
KRT79,0.0179,2566
KRT18,6.09,2567
KRT18,6.09,2568
KRT18,6.09,2569
KRT18,6.09,2570
KRT18,6.09,2571
KRT18,6.09,2572
KRT18,6.09,2573
EIF4B,50,2574
SPRYD3,9.69,2575
SPRYD3,9.69,2576
ITGB7,0.795,2577
ESPL1,5.6,2578
AAAS,20,2579
SP1,12.8,2580
AMHR2,3.43,2581
MAP3K12,5.76,2582
COPZ1,10.6,2583
COPZ1,10.6,2584
GPR84,0.177,2585
LOC102724050,0.176,2587
DCD,0.015,2588
TESPA1,0.117,2589
CD63,65.1,2591
CD63,65.1,2592
GDF11,1.32,2593
MYL6B,60.4,2594
CNPY2,8.07,2595
TIMELESS,5.21,2596
PTGES3,35.6,2601
PTGES3,35.6,2602
NAB2,9.7,2603
ARHGAP9,5,2604
ARHGAP9,5,2605
DCTN2,23.1,2610
CDK4,13.1,2612
MON2,3.82,2613
TMBIM4,37.4,2614
IRAK3,1.26,2615
GRIP1,0.895,2616
GRIP1,0.895,2617
CPSF6,9.7,2618
CPSF6,9.7,2619
FRS2,4.09,2620
CCT2,107,2621
CCT2,107,2622
CCT2,107,2623
CCT2,107,2624
CCT2,107,2625
CCT2,107,2626
CCT2,107,2627
CCT2,107,2628
CCT2,107,2629
KRR1,9.73,2630
PHLDA1,2.55,2631
OSBPL8,8.93,2632
E2F7,1.55,2633
NAV3,0.615,2634
PPP1R12A,9.1,2635
CEP290,4.89,2636
CEP290,4.89,2637
POC1B,4.06,2638
DCN,81,2639
DCN,81,2640
DCN,81,2641
DCN,81,2642
FGD6,2.08,2643
METAP2,26.2,2644
METAP2,26.2,2645
USP44,8.46,2646
CDK17,14.9,2647
TMPO,8.62,2648
SLC25A3,36.8,2649
DEPDC4,1.1,2650
ARL1,16.2,2651
ARL1,16.2,2652
ARL1,16.2,2653
MYBPC1,1.09,2654
PAH,0.847,2655
RFX4,39.6,2656
DAO,0.0526,2657
USP30,5.53,2658
IFT81,13.9,2659
FAM216A,24.1,2660
VPS29,16.7,2661
CCDC63,6.82,2662
CCDC63,6.82,2663
ATXN2,11.2,2665
ACAD10,5.6,2666
HECTD4,5.25,2667
IQCD,11.6,2668
PLBD2,18.9,2669
SDS,0.234,2670
TBX3,1.13,2671
SRRM4,0.237,2673
CCDC60,3.12,2674
CIT,3.14,2675
RPLP0,217,2676
CABP1,0.118,2677
ANAPC5,22.7,2679
ANAPC5,22.7,2680
ANAPC5,22.7,2681
ANAPC5,22.7,2682
KDM2B,4.47,2683
SETD1B,5.04,2684
HPD,2.5,2685
LRRC43,2.67,2686
VPS33A,7.32,2687
ZCCHC8,5.36,2688
RSRC2,24.3,2689
RSRC2,24.3,2690
HIP1R,3.37,2691
HIP1R,3.37,2692
ARL6IP4,19.1,2693
DNAH10,3.09,2694
CCDC92,16.7,2695
NCOR2,8.39,2696
NCOR2,8.39,2697
NCOR2,8.39,2698
AACS,12.9,2699
ADGRD1,2.21,2700
ULK1,9.78,2701
EP400,8.04,2702
EP400,8.04,2703
EP400,8.04,2704
DDX51,3.15,2705
ANHX,2.09,2706
LATS2,10.8,2707
SKA3,4.74,2708
SKA3,4.74,2709
SKA3,4.74,2710
SKA3,4.74,2711
SKA3,4.74,2712
SACS,2.62,2713
RNF17,10.3,2714
RNF17,10.3,2715
CENPJ,7.19,2716
SHISA2,0.945,2717
PAN3,5.77,2718
POMP,35.5,2719
POMP,35.5,2720
SLC46A3,8.1,2721
SLC46A3,8.1,2722
FRY,1.5,2723
BRCA2,2.14,2724
N4BP2L2,7.99,2725
CCNA1,24.1,2726
CCNA1,24.1,2727
CCNA1,24.1,2728
CCNA1,24.1,2729
CCNA1,24.1,2730
ALG5,8.72,2731
POSTN,1.86,2732
POSTN,1.86,2733
POSTN,1.86,2734
POSTN,1.86,2735
POSTN,1.86,2736
FREM2,0.298,2737
FREM2,0.298,2738
RGCC,4.82,2740
VWA8,1.92,2741
TNFSF11,0.353,2742
ENOX1,0.903,2743
LACC1,5.16,2744
LACC1,5.16,2745
SLC25A30,3.64,2746
ZC3H13,5.39,2747
LCP1,19.4,2748
ESD,12.2,2749
ITM2B,142,2750
ITM2B,142,2751
ITM2B,142,2752
LPAR6,4.18,2753
RCBTB2,3.16,2754
ATP7B,4.48,2757
ATP7B,4.48,2758
NEK5,2.95,2759
CKAP2,14.8,2760
CNMD,1.11,2761
DIAPH3,2.67,2762
KLHL1,0.112,2763
COMMD6,8.79,2764
UCHL3,4.9,2765
UCHL3,4.9,2766
UCHL3,4.9,2767
UCHL3,4.9,2768
ACOD1,0.0435,2769
POU4F1,0.798,2770
DCT,0.448,2771
DCT,0.448,2772
ABCC4,2.91,2774
IPO5,84,2775
NALCN,0.459,2776
FGF14,0.831,2777
FGF14-IT1,3.31,2778
CCDC168,2.6,2779
TEX30,28.3,2780
TUBGCP3,9.17,2784
CUL4A,14.6,2785
GRK1,0.0416,2790
CDC16,26.7,2791
CDC16,26.7,2792
CDC16,26.7,2793
CDC16,26.7,2794
ARHGEF40,3.88,2801
CHD8,8.58,2802
DAD1,74.8,2807
OXA1L,21.3,2808
OXA1L,21.3,2809
SLC7A7,10.6,2810
PRMT5,17.9,2811
MYH6,0.0529,2812
NGDN,11.6,2813
NGDN,11.6,2814
NGDN,11.6,2815
CPNE6,0.0845,2816
PSME1,18.3,2817
PSME1,18.3,2818
PSME1,18.3,2819
REC8,10.2,2820
CHMP4A,10.2,2821
CHMP4A,10.2,2822
NOP9,7.03,2823
NOP9,7.03,2824
SCFD1,7.33,2826
COCH,2.16,2827
COCH,2.16,2828
HECTD1,20.6,2829
HECTD1,20.6,2830
HECTD1,20.6,2831
AKAP6,1.3,2832
PSMA6,34.4,2833
PSMA6,34.4,2834
TTC6,1.81,2836
FKBP3,11.9,2837
FKBP3,11.9,2838
FKBP3,11.9,2839
FANCM,3.23,2840
LRR1,20,2841
DNAAF2,4.08,2842
KLHDC2,16.3,2843
KLHDC2,16.3,2844
KLHDC2,16.3,2845
SOS2,18.5,2846
L2HGDH,1.04,2847
CDKL1,0.504,2848
MAP4K5,3.9,2849
SAV1,15.1,2850
TXNDC16,4.85,2851
WDHD1,3.03,2852
LGALS3,22.7,2853
LGALS3,22.7,2854
TMEM260,2.98,2855
EXOC5,17.4,2856
PSMA3,24.6,2858
PSMA3,24.6,2859
ARID4A,3.43,2860
KIAA0586,8.21,2861
HIF1A,24.1,2864
HIF1A,24.1,2865
LOC105370526,0.0899,2866
ESR2,1.77,2867
CCDC196,13.3,2868
ATP6V1D,20.3,2869
ATP6V1D,20.3,2870
EIF2S1,18.8,2871
EIF2S1,18.8,2872
PLEK2,1.83,2873
RAD51B,0.201,2874
RAD51B,0.201,2875
CCDC177,0.19,2876
MAP3K9,2.97,2877
SIPA1L1,8.99,2878
RBM25,24.3,2879
ACOT4,1.2,2880
COQ6,7,2881
ENTPD5,4.88,2882
NPC2,56,2883
LTBP2,4.55,2884
GPATCH2L,2.42,2885
TMEM63C,3.69,2886
AHSA1,59.8,2887
SNW1,34.1,2888
ADCK1,1.36,2889
NRXN3,0.511,2890
STON2,0.886,2891
ATXN3,3.01,2892
RIN3,4.15,2893
ITPK1,9.69,2894
BTBD7,4.3,2895
OTUB2,3.08,2896
DDX24,90.3,2897
SERPINA10,0.0712,2898
SERPINA2,0.0361,2899
SERPINA2,0.0361,2900
SERPINA2,0.0361,2901
SERPINA1,1.19,2902
BCL11B,0.384,2903
HHIPL1,0.228,2904
EML1,4.46,2905
DEGS2,0.414,2906
BEGAIN,0.266,2907
HSP90AA1,309,2908
ZNF839,5.95,2909
TECPR2,5.45,2910
RCOR1,10.9,2911
AMN,4.2,2912
LOC107984640,0.391,2913
KLC1,20.5,2914
KLC1,20.5,2915
KIF26A,1.34,2916
TMEM179,0.639,2917
CEP170B,5.95,2918
CEP170B,5.95,2919
BRF1,3.68,2920
CRIP2,6.31,2921
CYFIP1,8.67,2922
CYFIP1,8.67,2923
HERC2,6.46,2924
APBA2,2.35,2925
TRPM1,1.04,2926
LOC283710,0.141,2927
OTUD7A,1.1,2928
OTUD7A,1.1,2929
RYR3,0.473,2930
EMC7,46.1,2931
EMC4,33,2932
EMC4,33,2933
EMC4,33,2934
KNL1,14,2938
RAD51,6.57,2939
GCHFR,1.31,2940
EXD1,6.05,2941
EXD1,6.05,2942
EXD1,6.05,2943
EXD1,6.05,2944
NDUFAF1,10.7,2945
LTK,0.936,2946
EHD4,4.11,2947
PLA2G4F,0.0428,2948
PLA2G4F,0.0428,2949
CCNDBP1,6.34,2950
CCNDBP1,6.34,2951
TGM7,0.76,2952
MAP1A,3.51,2953
PDIA3,85.3,2954
SERF2,31.2,2955
SERF2-C15ORF63,24,2956
FRMD5,1.84,2957
DUOX2,1.09,2958
DUOX2,1.09,2959
FBN1,9.16,2960
GALK2,1.58,2961
FAM227B,1.98,2962
SLC27A2,0.561,2964
DMXL2,6.47,2965
SCG3,1.07,2966
LEO1,6.44,2967
LEO1,6.44,2968
MYO5C,3.86,2969
MYO5A,2.68,2970
ONECUT1,0.526,2971
UNC13C,0.264,2972
PIGBOS1,2.83,2973
PIGB,4.98,2974
RFX7,3.89,2975
RFX7,3.89,2976
RFX7,3.89,2977
ANXA2,21.1,2978
ICE2,3.78,2979
ICE2,3.78,2980
VPS13C,4.01,2981
SNX1,9.68,2982
PPIB,71.9,2983
ZNF609,16.4,2984
SPG21,14.3,2985
SPG21,14.3,2986
SPG21,14.3,2987
SPG21,14.3,2988
PDCD7,10.6,2989
PARP16,2.46,2990
TIPIN,3.31,2991
SMAD6,0.582,2992
SKOR1,0.271,2993
CORO2B,0.664,2994
GLCE,2.25,2995
UACA,7.95,2996
LARP6,4.94,2997
THSD4,1.22,2998
PARP6,27.9,2999
PARP6,27.9,3000
STRA6,1.47,3001
EDC3,11.9,3002
COMMD4,14.4,3003
MAN2C1,13.6,3004
SNX33,3.01,3005
UBE2Q2,4.67,3006
ETFA,19.7,3007
ETFA,19.7,3008
TSPAN3,25.9,3009
TSPAN3,25.9,3010
PEAK1,6.14,3011
PSMA4,45.3,3013
PSMA4,45.3,3014
PSMA4,45.3,3015
ABHD17C,3.74,3016
CEMIP,1.96,3017
IL16,2,3020
MEX3B,20.5,3021
SH3GL3,8.3,3022
PDE8A,7.1,3024
MRPS11,3.01,3025
AEN,4.64,3026
ISG20,0.511,3027
ISG20,0.511,3028
ISG20,0.511,3029
KIF7,1.09,3030
ANPEP,1.32,3031
ANPEP,1.32,3032
IQGAP1,11.1,3033
MAN2A2,12.3,3034
RCCD1,1.9,3035
SLCO3A1,11.3,3036
TTC23,4.64,3037
MEF2A,4.61,3038
MEF2A,4.61,3039
PCSK6,6.96,3040
PCSK6,6.96,3041
RGS11,0.656,3043
RGS11,0.656,3044
CAPN15,3.48,3045
RAB40C,5.6,3046
WFIKKN1,0.125,3047
RHBDL1,0.82,3048
CACNA1H,8.06,3050
UBE2I,13.5,3051
UBE2I,13.5,3052
UBE2I,13.5,3053
BAIAP3,6.31,3054
GNPTG,16,3055
IFT140,6.37,3056
MAPK8IP3,7.97,3057
NUBP2,4.44,3058
IGFALS,0.214,3059
HS3ST6,0.0516,3060
RPL3L,1.93,3061
NDUFB10,27,3062
NDUFB10,27,3063
NTHL1,3.72,3065
TSC2,18.4,3066
PKD1,7.44,3067
ECI1,5.12,3068
ABCA3,7.61,3069
SRRM2,42.1,3071
SRRM2,42.1,3072
SRRM2,42.1,3073
THOC6,5.73,3074
ZSCAN10,0.0258,3075
TRAP1,23.1,3076
ADCY9,3.57,3077
ADCY9,3.57,3078
TFAP4,0.743,3079
MGRN1,4.65,3080
ROGDI,5.64,3081
PPL,1.51,3082
ABAT,9,3083
USP7,30.7,3084
USP7,30.7,3085
GRIN2A,0.688,3086
TXNDC11,10.1,3087
GSPT1,13.5,3088
GSPT1,13.5,3089
GSPT1,13.5,3090
GSPT1,13.5,3091
ABCC1,13.4,3092
TMC5,1.9,3093
IQCK,18.2,3094
IQCK,18.2,3095
GPRC5B,34.7,3096
CRYM,1.82,3098
IGSF6,1.16,3099
DCTN5,7.46,3100
ERN2,1.85,3101
RBBP6,13.9,3102
RBBP6,13.9,3103
ZKSCAN2,3.63,3104
NSMCE1,13.8,3105
NSMCE1,13.8,3106
NSMCE1,13.8,3107
NSMCE1,13.8,3108
GSG1L,0.179,3110
XPO6,24.7,3111
APOBR,0.655,3112
SH2B1,10.4,3113
C16orf54,0.243,3114
INO80E,18.2,3115
DOC2A,6.91,3116
ALDOA,43.4,3117
ALDOA,43.4,3118
PPP4C,31.2,3119
ZNF785,0.793,3120
RNF40,21.2,3121
ORAI3,7.19,3122
SETD1A,10.4,3123
SETD1A,10.4,3124
HSD3B7,2.38,3125
STX4,6.32,3126
STX4,6.32,3127
VKORC1,16,3128
BCKDK,7.15,3129
BCKDK,7.15,3130
ADCY7,2.69,3131
NKD1,0.838,3132
NOD2,0.292,3133
MMP2,30.8,3134
MMP2,30.8,3135
CES5A,0.153,3136
BBS2,17.4,3137
NUP93,20.4,3138
NUP93,20.4,3139
PLLP,2.87,3140
CX3CL1,3.55,3141
DOK4,4.55,3142
LOC388282,0,3143
LOC388282,0,3144
LOC388282,0,3145
LOC388282,0,3146
LOC388282,0,3147
LOC388282,0,3148
MMP15,19.1,3150
CCDC113,5.94,3151
CNOT1,55.8,3152
CNOT1,55.8,3153
CDH5,4.84,3154
CMTM4,4.87,3155
CDH16,0.0333,3156
FBXL8,0.532,3157
KCTD19,28.3,3158
TPPP3,3.1,3159
ENKD1,8.57,3160
ENKD1,8.57,3161
RANBP10,4.86,3162
DUS2,12.6,3163
ZFP90,5.16,3164
UTP4,21,3165
COG8,17.3,3166
NFAT5,4.13,3167
HYDIN,2.24,3168
PKD1L3,7.36,3169
PKD1L3,7.36,3170
DHODH,2.13,3171
ZFHX3,1.41,3172
ZFHX3,1.41,3173
ZFHX3,1.41,3174
LDHD,0.743,3175
MON1B,7.09,3177
NUDT7,4.04,3178
BCO1,0.0771,3179
BCO1,0.0771,3180
BCO1,0.0771,3181
PLCG2,1.03,3182
ATP2C2,0.326,3183
ZFPM1,0.751,3185
ZFPM1,0.751,3186
ZC3H18,12.9,3187
CTU2,3.91,3188
PIEZO1,2.17,3189
PIEZO1,2.17,3190
PIEZO1,2.17,3191
GALNS,3.19,3192
PABPN1L,2.93,3193
SLC22A31,0.945,3194
CPNE7,1.07,3195
ZNF276,3.6,3196
ABR,3.2,3197
ABR,3.2,3198
ABR,3.2,3199
ABR,3.2,3200
ABR,3.2,3201
MYO1C,10.4,3202
WDR81,3.07,3203
SERPINF1,186,3204
HIC1,1.12,3205
HIC1,1.12,3206
SMG6,5.42,3207
CLUH,10.4,3208
CLUH,10.4,3209
CLUH,10.4,3210
SPATA22,73,3211
SPATA22,73,3212
TRPV3,2.42,3213
ZZEF1,5.53,3214
MYBBP1A,6.96,3215
MYBBP1A,6.96,3216
ALOX15,0.985,3217
CXCL16,23.6,3218
ZMYND15,15.5,3219
ZMYND15,15.5,3220
PSMB6,33.1,3221
PSMB6,33.1,3222
PSMB6,33.1,3224
MINK1,19.8,3225
GP1BA,0.229,3226
KIF1C,10.3,3227
RABEP1,8.96,3228
RNASEK,40.1,3229
SLC16A13,0.395,3230
SLC16A11,0.137,3231
ASGR1,4.64,3232
ACADVL,44.7,3233
ELP5,34.6,3234
CLDN7,0.452,3235
TNK1,1.8,3236
POLR2A,57.2,3238
LOC100996842,2.37,3239
LOC100996842,2.37,3240
KDM6B,5.74,3241
GUCY2D,0.692,3242
ALOX12B,0.142,3243
ALOX12B,0.142,3244
AURKB,0.534,3245
ARHGEF15,0.999,3246
PIK3R6,0.52,3247
PIK3R5,1.9,3248
MYH4,0.0721,3249
MYH2,0.26,3250
MYH2,0.26,3251
MYH2,0.26,3252
MYH2,0.26,3253
SCO1,2.12,3254
DNAH9,1.24,3255
TEKT3,5.25,3256
TTC19,3.9,3257
PIGL,3.05,3258
CENPV,10.8,3259
LRRC75A,7.58,3260
ZNF287,1.08,3261
MPRIP,11.5,3262
MYO15A,1.42,3263
MYO15A,1.42,3264
PRPSAP2,11.8,3265
SLC47A1,8.11,3266
SLC47A1,8.11,3267
SLC47A2,0.111,3268
VTN,10.1,3269
RAB34,4.5,3270
RAB34,4.5,3271
SEZ6,0.17,3272
MYO18A,10.6,3274
ABHD15,1.36,3275
EFCAB5,5.16,3276
SLC6A4,0.168,3277
SLC6A4,0.168,3278
ATAD5,1.26,3279
ATAD5,1.26,3280
COPRS,65.6,3281
SLFN5,1.27,3282
SLFN11,1.64,3283
GAS2L2,0.0864,3284
MYO19,5.7,3285
GGNBP2,41.9,3286
GGNBP2,41.9,3287
DDX52,4.21,3288
ARHGAP23,8.11,3289
ARHGAP23,8.11,3290
ARHGAP23,8.11,3291
SRCIN1,0.269,3292
PSMB3,25.4,3293
PSMB3,25.4,3294
MED1,7.22,3295
CDK12,8.31,3296
GSDMA,0.112,3297
THRA,10.5,3298
KRT23,14.3,3300
KRT13,3.23,3301
KCNH4,0.141,3302
ATXN7L3,14.8,3304
SLC4A1,0.0704,3305
SLC25A39,21,3306
EFTUD2,15.5,3307
ACBD4,1,3308
HEXIM2,7.55,3309
FMNL1,1.73,3310
NSF,15.7,3311
KPNB1,74.2,3312
SP2,4.7,3313
COPZ2,5.25,3314
SKAP1,4.3,3315
HOXB3,0.973,3316
PRAC2,0.498,3317
FAM117A,8.83,3318
CACNA1G,0.184,3319
CACNA1G,0.184,3320
NME1,13.3,3321
NME1,13.3,3322
NME1,13.3,3323
UTP18,20.5,3324
COX11,4.09,3325
TRIM25,8.59,3326
MSI2,3.52,3327
CUEDC1,1.45,3328
TEX14,18.8,3329
PRR11,0.47,3330
CLTC,30.9,3331
CA4,2.44,3332
APPBP2,14.2,3333
TBX2,2.53,3334
SCN4A,0.821,3336
DDX5,87.3,3337
AXIN2,4.36,3338
AXIN2,4.36,3339
CEP112,4.36,3340
APOH,0.0448,3341
HELZ,6.49,3342
NOL11,11.4,3343
WIPI1,2.87,3344
ABCA9,2.72,3345
ABCA6,1.12,3346
ABCA10,1.99,3347
ABCA5,5.12,3348
ABCA5,5.12,3349
ABCA5,5.12,3350
MAP2K6,0.255,3352
KCNJ2,0.204,3353
COG1,13.9,3354
LOC100134391,0.0105,3355
LOC100134391,0.0105,3356
LOC100134391,0.0105,3357
LOC100134391,0.0105,3358
LOC100134391,0.0105,3359
LOC100134391,0.0105,3360
LOC100134391,0.0105,3361
LOC100134391,0.0105,3362
LOC100134391,0.0105,3363
KIF19,0.265,3364
LOC100130520,0.0177,3365
CD300LF,0.258,3367
NAT9,6.74,3368
TMEM104,2.67,3369
GRIN2C,0.854,3370
FADS6,0.215,3371
CASKIN2,2.94,3372
MYO15B,3.34,3374
MYO15B,3.34,3375
MYO15B,3.34,3376
MYO15B,3.34,3377
MYO15B,3.34,3378
MYO15B,3.34,3379
MYO15B,3.34,3380
MYO15B,3.34,3381
MYO15B,3.34,3382
MYO15B,3.34,3383
MYO15B,3.34,3384
MYO15B,3.34,3385
MYO15B,3.34,3386
MYO15B,3.34,3387
MYO15B,3.34,3388
MYO15B,3.34,3389
MYO15B,3.34,3390
MYO15B,3.34,3391
MYO15B,3.34,3392
MYO15B,3.34,3393
MYO15B,3.34,3394
MYO15B,3.34,3395
MYO15B,3.34,3396
MYO15B,3.34,3397
MYO15B,3.34,3398
MYO15B,3.34,3399
MYO15B,3.34,3400
MYO15B,3.34,3401
MYO15B,3.34,3402
MYO15B,3.34,3403
MYO15B,3.34,3404
MYO15B,3.34,3406
MYO15B,3.34,3407
MYO15B,3.34,3408
MYO15B,3.34,3409
MYO15B,3.34,3410
GALK1,4.97,3411
GALK1,4.97,3412
UNC13D,1.47,3413
UNC13D,1.47,3414
ACOX1,5.28,3415
EVPL,0.321,3416
SRP68,17.7,3417
QRICH2,5.23,3418
QRICH2,5.23,3419
UBE2O,10.6,3420
UBE2O,10.6,3421
MXRA7,22.1,3422
MXRA7,22.1,3423
MXRA7,22.1,3424
MFSD11,4.86,3425
SNHG20,2.04,3426
AFMID,3.49,3427
DNAH17,7.28,3428
CANT1,9.22,3429
ENGASE,3.72,3430
ENGASE,3.72,3431
CBX2,5.05,3432
GAA,27.7,3433
EIF4A3,28.4,3434
EIF4A3,28.4,3435
CARD14,0.509,3436
CARD14,0.509,3437
SLC26A11,2.04,3438
ENDOV,3.03,3439
RPTOR,5.41,3440
AATK,0.314,3441
AATK,0.314,3442
CEP131,7.27,3443
LOC100130370,1.13,3444
BAHCC1,2.03,3445
BAHCC1,2.03,3446
BAHCC1,2.03,3447
OXLD1,5.95,3448
SLC25A10,10.4,3449
ASPSCR1,5.62,3451
GPS1,20.9,3452
FASN,9.06,3453
FASN,9.06,3454
FASN,9.06,3455
OGFOD3,1.89,3456
ZNF750,0.146,3457
B3GNTL1,1.15,3458
CLUL1,0.512,3459
ADCYAP1,1.87,3460
LPIN2,17.7,3461
MYL12B,98,3462
TMEM200C,0.21,3463
TMEM200C,0.21,3464
TMEM200C,0.21,3465
LAMA1,6.01,3466
MTCL1,2.82,3467
MTCL1,2.82,3468
ANKRD12,7.23,3469
RALBP1,9.13,3470
PPP4R1,25.3,3471
RAB31,33.6,3472
TXNDC2,36.3,3473
PIEZO2,0.474,3474
GNAL,2.91,3475
PSMG2,46,3476
CEP192,7.99,3477
GREB1L,2.09,3478
MIB1,5.5,3479
CABLES1,1.52,3480
CABLES1,1.52,3481
NPC1,6.51,3482
LAMA3,1.48,3483
IMPACT,16.9,3484
HRH4,0.0963,3485
ZNF521,1.32,3486
DSC3,0.0339,3487
DSG1,1.02,3488
ZSCAN30,5.52,3489
FHOD3,1.61,3490
FHOD3,1.61,3491
CELF4,0.631,3492
EPG5,2.59,3493
LOXHD1,3.56,3494
LOXHD1,3.56,3495
LOXHD1,3.56,3496
RPL17,100,3497
CXXC1,12.1,3498
MEX3C,32.4,3499
MBD2,6.16,3500
MBD2,6.16,3501
MBD2,6.16,3502
STARD6,5.37,3503
DYNAP,0.0159,3504
DYNAP,0.0159,3505
DYNAP,0.0159,3506
DYNAP,0.0159,3507
DYNAP,0.0159,3508
RAB27B,0.988,3509
ONECUT2,0.0628,3510
ATP8B1,0.631,3512
MALT1,5.14,3513
PMAIP1,2.45,3514
ZCCHC2,5.71,3515
PHLPP1,7.63,3516
BCL2,1.03,3517
RTTN,2.66,3518
RTTN,2.66,3519
ZNF516,10.4,3520
ZNF516,10.4,3521
ATP9B,2.67,3523
KCNG2,3.14,3524
KCNG2,3.14,3525
SHC2,4.98,3526
SHC2,4.98,3527
POLRMT,14.8,3528
FGF22,0.109,3529
ARID3A,2,3530
ARID3A,2,3531
ARID3A,2,3532
GRIN3B,0.298,3533
CNN2,6.34,3534
CNN2,6.34,3535
CNN2,6.34,3536
GPX4,200,3537
GPX4,200,3538
GPX4,200,3539
SBNO2,8.52,3540
MIDN,5.13,3541
MIDN,5.13,3542
ADAMTSL5,1.2,3543
MEX3D,6,3544
MEX3D,6,3545
UQCR11,10.8,3546
UQCR11,10.8,3547
TCF3,16,3548
ONECUT3,0.061,3549
ONECUT3,0.061,3550
ATP8B3,14.5,3551
ATP8B3,14.5,3552
ADAT3,0.43,3553
BTBD2,9.27,3554
BTBD2,9.27,3555
BTBD2,9.27,3556
MOB3A,4.45,3557
IZUMO4,74.8,3558
DOT1L,18.1,3559
OAZ1,120,3560
SPPL2B,11,3561
SLC39A3,7.85,3562
ZNF554,0.883,3563
TLE2,6.62,3564
PIP5K1C,14.6,3565
PIP5K1C,14.6,3566
APBA3,1.47,3567
MRPL54,17.1,3568
ZFR2,2.02,3569
DAPK3,11.8,3570
EEF2,318,3571
CREB3L3,0.116,3572
SIRT6,2.16,3573
HDGFL2,20,3574
PLIN4,0.893,3575
PLIN4,0.893,3576
SEMA6B,0.791,3577
DPP9,3.29,3578
KDM4B,4.89,3579
NDUFA11,5.51,3580
DENND1C,0.642,3581
C3,42.9,3582
C3,42.9,3583
GPR108,13.9,3584
INSR,3.15,3585
TEX45,5.72,3586
PNPLA6,15.7,3587
PNPLA6,15.7,3588
PNPLA6,15.7,3589
STXBP2,19.4,3590
TGFBR3L,0.0952,3591
TIMM44,8.26,3592
FBN3,0.221,3594
HNRNPM,36.7,3595
ZNF558,3.4,3596
ZNF558,3.4,3597
MUC16,0.108,3598
MUC16,0.108,3599
MUC16,0.108,3600
MUC16,0.108,3601
MUC16,0.108,3602
MUC16,0.108,3603
MUC16,0.108,3604
MUC16,0.108,3605
ZNF266,7.48,3608
ZNF562,1.33,3609
RDH8,0.66,3610
ICAM3,4.42,3611
TYK2,3.66,3612
TYK2,3.66,3613
PDE4A,5.23,3614
KRI1,16.3,3615
DNM2,28.5,3616
CARM1,20.5,3617
SPC24,0.96,3618
ZNF491,0.212,3619
ZNF433,8.96,3620
ZNF709,1.79,3621
MAN2B1,7.51,3622
MAN2B1,7.51,3623
MAST1,1.25,3624
CALR,133,3625
CALR,133,3626
CACNA1A,0.773,3627
CACNA1A,0.773,3628
CACNA1A,0.773,3629
C19orf53,19.4,3630
ZSWIM4,0.617,3631
RFX1,5.33,3633
SAMD1,7.41,3634
PKN1,27.3,3635
CASP14,0.139,3636
ILVBL,10.5,3637
NOTCH3,3.04,3638
NOTCH3,3.04,3639
AKAP8L,11.6,3641
RASAL3,0.452,3642
HSH2D,0.431,3643
KLF2,2.89,3644
NWD1,0.81,3645
NWD1,0.81,3647
CPAMD8,1.63,3648
NR2F6,4.06,3649
ANKLE1,0.182,3650
ANO8,1.47,3651
PLVAP,1.06,3652
TMEM221,0.253,3653
PGLS,3.74,3654
UNC13A,0.583,3656
JAK3,1.59,3657
ARRDC2,1.98,3658
PIK3R2,8.99,3659
PIK3R2,8.99,3660
IFI30,13.6,3661
IFI30,13.6,3662
IFI30,13.6,3663
PGPEP1,1.17,3664
GDF1,5.44,3665
SUGP2,44.5,3666
ATP13A1,14.7,3667
ATP13A1,14.7,3668
ZNF714,0.841,3669
ZNF714,0.841,3670
ZNF492,1.35,3671
ZNF723,1.42,3672
ZNF726,0.408,3673
ZNF254,2.26,3674
POP4,6.91,3675
PEPD,13,3676
KCTD15,4.14,3677
PDCD2L,7.1,3678
WTIP,2.24,3679
FXYD5,2.6,3680
SBSN,0.0738,3681
TMEM147,26.7,3682
TMEM147,26.7,3683
RBM42,10.8,3684
COX6B1,37.3,3685
U2AF1L4,7.54,3686
ARHGAP33,7.25,3687
KIRREL2,0.249,3688
LRFN3,1.95,3689
CAPNS1,50.1,3690
ZNF565,2.35,3691
ZFP82,1.18,3692
ZNF529-AS1,1.09,3693
ZNF567,2.61,3694
ZNF345,2.11,3695
ZNF573,0.548,3697
FAM98C,2.55,3698
RYR1,1.77,3699
RINL,0.325,3700
SIRT2,11.1,3701
GMFG,3.76,3702
DYRK1B,21.3,3703
ZNF780A,1.4,3704
MAP3K10,4.2,3705
PLD3,30.2,3706
SPTBN4,0.908,3707
SHKBP1,6.26,3708
LTBP4,26.4,3709
LTBP4,26.4,3710
AXL,13.5,3711
B9D2,2.36,3712
RABAC1,31.1,3713
ATP1A3,30.1,3714
MEGF8,3.15,3715
MEGF8,3.15,3716
MEGF8,3.15,3717
LYPD3,0.345,3718
ETHE1,1.91,3719
ETHE1,1.91,3720
ETHE1,1.91,3721
ETHE1,1.91,3722
ETHE1,1.91,3723
CADM4,1.64,3724
PLAUR,0.673,3725
SMG9,8.69,3726
ZNF224,2.89,3727
ZNF112,1.92,3728
ZNF180,1.03,3729
APOE,43.9,3730
GEMIN7,1.92,3732
MARK4,13.9,3733
KLC3,2.82,3734
DMWD,11.4,3735
RSPH6A,14.7,3736
CCDC61,2.61,3737
HIF3A,0.64,3738
HIF3A,0.64,3739
CALM3,92.3,3740
CALM3,92.3,3741
FKRP,2.65,3742
AP2S1,14.8,3743
AP2S1,14.8,3744
C5AR1,1.14,3745
DHX34,8.91,3746
ZNF541,7.42,3747
BICRA,0.79,3748
BICRA,0.79,3749
ELSPBP1,0.357,3750
EMP3,10.8,3751
EMP3,10.8,3752
EMP3,10.8,3753
KDELR1,41,3754
LMTK3,0.137,3755
RPL18,119,3756
RPL18,119,3757
BCAT2,6.5,3758
LIN7B,3.71,3759
CD37,2.58,3760
PIH1D1,6.41,3763
ALDH16A1,1.97,3764
PRR12,3.09,3765
PRR12,3.09,3766
SCAF1,9.83,3767
TSKS,31.3,3768
AP2A1,42.5,3769
PTOV1-AS2,16.6,3770
POLD1,4.65,3771
JOSD2,2.74,3772
LRRC4B,0.407,3773
LRRC4B,0.407,3774
KLK7,0.0815,3775
SIGLEC14,0.694,3776
SIGLEC14,0.694,3777
SPACA6,1.36,3778
SPACA6,1.36,3779
FPR2,0.417,3780
ZNF841,1.66,3781
ZNF534,0.405,3782
ZNF701,1.26,3783
ZNF83,9.81,3784
ZNF320,1.21,3786
ZNF888,0.918,3787
ZNF888,0.918,3788
ZNF347,1.05,3790
MBOAT7,20.1,3791
RPS9,102,3792
TTYH1,18.6,3793
LILRA2,0.309,3794
GP6,0.741,3795
RDH13,1.54,3796
RDH13,1.54,3797
RDH13,1.54,3798
RDH13,1.54,3799
PTPRH,0.695,3800
PTPRH,0.695,3801
ZNF628,2.02,3804
ZNF628,2.02,3805
SBK3,0.096,3806
SBK3,0.096,3807
U2AF2,29.3,3808
NLRP5,0.181,3809
ZNF787,1.86,3810
ZNF71,1.39,3811
ZNF548,0.707,3812
ZNF211,2.55,3814
ZNF418,1.63,3815
ZSCAN18,8.2,3816
ZNF544,2.96,3817
ZNF544,2.96,3818
ZNF544,2.96,3819
ZNF8,2.84,3820
A1BG,0.203,3821
CHMP2A,18.3,3824
CHMP2A,18.3,3825
CHMP2A,18.3,3826
MZF1,2.37,3827
C20orf96,15.9,3828
LOC388780,0.528,3830
LOC388780,0.528,3831
LOC388780,0.528,3832
ZNF343,2.37,3833
ZNF343,2.37,3834
ZNF343,2.37,3835
ZNF343,2.37,3836
NOP56,21.7,3837
VPS16,8.2,3838
VPS16,8.2,3839
PTPRA,22.3,3840
ADRA1D,0.302,3841
ADRA1D,0.302,3842
GPCPD1,6.11,3843
GPCPD1,6.11,3844
LRRN4,0.96,3845
TMX4,49.6,3846
ANKEF1,13,3847
MKKS,12.7,3848
SLX4IP,0.766,3849
BTBD3,10.2,3850
ESF1,6.62,3851
KIF16B,2.11,3852
BFSP1,1.52,3853
DTD1,4.47,3854
SLC24A3,1.31,3855
KIZ,19.9,3857
FOXA2,0.154,3858
CST3,73.1,3859
CST3,73.1,3860
ENTPD6,11.8,3861
XKR7,0.138,3862
EFCAB8,0.824,3863
EFCAB8,0.824,3864
BPIFB6,0.0141,3865
NECAB3,9.68,3866
E2F1,5.53,3868
ZNF341,1.53,3869
MYH7B,3.68,3870
MMP24,1.19,3871
EIF6,26.4,3872
EIF6,26.4,3873
FAM83C,0.33,3874
GDF5OS,0.187,3875
GDF5,0.249,3876
CEP250,6.45,3877
ERGIC3,111,3878
ERGIC3,111,3879
CPNE1,18.2,3880
EPB41L1,4.38,3881
EPB41L1,4.38,3882
SOGA1,6.03,3883
RPN2,86.9,3884
RPN2,86.9,3885
RPN2,86.9,3886
RPN2,86.9,3887
TGM2,4.87,3888
LPIN3,1.63,3889
SGK2,0.273,3890
SGK2,0.273,3891
FITM2,2.94,3892
FITM2,2.94,3893
RIMS4,10.3,3899
MATN4,0.404,3900
WFDC11,1.17,3901
CTSA,21,3902
CDH22,0.352,3903
SLC35C2,5.04,3904
NCOA3,6.81,3905
NCOA3,6.81,3906
ARFGEF2,13.9,3907
CSE1L,57.1,3908
STAU1,21.4,3909
STAU1,21.4,3910
STAU1,21.4,3911
ZNFX1,8.25,3912
ZNFX1,8.25,3913
AURKA,12.7,3915
CASS4,0.191,3916
TFAP2C,0.61,3917
TFAP2C,0.61,3918
GNAS,43.3,3919
GNAS,43.3,3920
GNAS,43.3,3921
ZNF831,0.122,3922
PHACTR3,0.162,3923
PHACTR3,0.162,3924
SYCP2,17.5,3925
SYCP2,17.5,3926
SYCP2,17.5,3927
SYCP2,17.5,3928
TAF4,7.77,3930
TAF4,7.77,3931
TAF4,7.77,3932
TAF4,7.77,3933
PSMA7,26.9,3934
PSMA7,26.9,3935
PSMA7,26.9,3936
SS18L1,2.95,3937
SS18L1,2.95,3938
ADRM1,28.9,3939
LAMA5,2.11,3940
LAMA5,2.11,3941
GATA5,4.28,3942
GATA5,4.28,3943
GATA5,4.28,3944
GATA5,4.28,3945
MRGBP,23,3946
OGFR,6.29,3947
DIDO1,5.69,3949
DIDO1,5.69,3950
EEF1A2,1.55,3951
PTK6,0.132,3952
PTK6,0.132,3953
SRMS,0.182,3954
GMEB2,6.03,3955
GMEB2,6.03,3956
LIME1,2.85,3957
UCKL1,3.48,3958
UCKL1,3.48,3959
TCEA2,7.66,3960
HSPA13,15.8,3961
TMPRSS15,0.193,3962
APP,110,3965
ADAMTS5,0.708,3966
USP16,16.2,3967
TIAM1,3.89,3968
TIAM1,3.89,3969
SOD1,77.6,3970
SOD1,77.6,3971
URB1,5.4,3972
URB1,5.4,3973
C21orf62,0.192,3974
IFNGR2,17.3,3976
IFNGR2,17.3,3977
DNAJC28,4.57,3978
SON,25.9,3979
RCAN1,2.76,3980
CLIC6,0.156,3981
RUNX1,1.06,3982
SIM2,0.146,3984
HLCS,2.15,3985
HLCS,2.15,3986
TTC3,13.6,3987
IGSF5,0.313,3988
DSCAM,0.273,3989
PRDM15,1.06,3990
PRDM15,1.06,3991
PRDM15,1.06,3992
PRDM15,1.06,3993
PRDM15,1.06,3994
UMODL1,0.827,3996
ABCG1,0.423,3997
CBS,0.85,3998
TRAPPC10,9.31,3999
ICOSLG,0.854,4000
PFKL,23.8,4001
PFKL,23.8,4002
PTTG1IP,50.8,4003
ADARB1,1.13,4004
COL18A1,9.03,4005
PCBP3,2.73,4006
PCBP3,2.73,4007
FTCD,2.81,4008
FTCD-AS1,0.316,4009
MCM3AP,11.6,4010
MCM3AP,11.6,4011
MCM3AP,11.6,4012
PCNT,8.35,4013
DIP2A,5.19,4014
BCL2L13,7.11,4015
PRODH,1.74,4016
GSC2,0.251,4017
TANGO2,2.11,4018
SNAP29,9.2,4019
SNAP29,9.2,4020
SNAP29,9.2,4021
LZTR1,8.62,4022
PRAME,35.4,4023
PRAME,35.4,4024
BCR,14.8,4025
CHCHD10,3.53,4026
SUSD2,1.23,4027
GGT5,3.49,4028
GGT5,3.49,4029
SPECC1L,21.2,4030
SNRPD3,11.4,4031
SNRPD3,11.4,4032
PIWIL3,0.612,4033
SEZ6L,0.175,4034
TFIP11,11.6,4035
CRYBB1,0.294,4036
LINC01638,0.259,4037
LINC01638,0.259,4038
LINC01638,0.259,4039
EWSR1,22.6,4040
MTMR3,13,4041
CCDC157,7.42,4042
RNF215,4.11,4043
SMTN,4.25,4044
SMTN,4.25,4045
SELENOM,7.38,4046
LIMK2,8.58,4047
FOXRED2,4.04,4048
EIF3D,40.9,4049
EIF3D,40.9,4050
EIF3D,40.9,4051
EIF3D,40.9,4052
EIF3D,40.9,4053
EIF3D,40.9,4054
CSF2RB,1.3,4055
TMPRSS6,1.09,4056
RAC2,2.75,4057
MFNG,1.61,4058
SH3BP1,2.67,4059
LGALS1,94.1,4060
LGALS1,94.1,4061
MICALL1,5.4,4062
MICALL1,5.4,4063
MICALL1,5.4,4064
PLA2G6,14.2,4065
TMEM184B,4.89,4066
KDELR3,2.63,4067
DDX17,73.7,4068
TOMM22,21.4,4069
GTPBP1,9.09,4070
APOBEC3H,0.592,4071
APOBEC3H,0.592,4072
RPL3,454,4073
RPL3,454,4074
MIEF1,13.6,4075
MIEF1,13.6,4076
GRAP2,0.957,4077
FAM83F,11.3,4078
ADSL,8.88,4079
CHADL,0.824,4080
ZC3H7B,11.2,4081
ZC3H7B,11.2,4082
POLR3H,8.94,4084
SHISA8,5.55,4085
TCF20,8.97,4086
ARFGAP3,32.7,4087
TTLL1,7.2,4088
MCAT,4.66,4089
SCUBE1,5.87,4090
SCUBE1,5.87,4091
SULT4A1,3.51,4092
ARHGAP8,2.53,4094
NUP50,12.8,4095
KIAA0930,6.26,4096
ATXN10,28.5,4097
ATXN10,28.5,4098
TTC38,1.4,4099
CELSR1,0.802,4100
GRAMD4,3.16,4101
PIM3,11,4102
IL17REL,0.0987,4103
TTLL8,1.06,4104
TRABD,5.53,4105
TUBGCP6,11.7,4106
HDAC10,2.03,4107
MAPK11,2.89,4108
MAPK11,2.89,4109
PLXNB2,12,4110
DENND6B,3.22,4111
SBF1,37.9,4112
SBF1,37.9,4113
SBF1,37.9,4114
LMF2,12.9,4115
NCAPH2,13.4,4116
SCO2,6.77,4117
SHANK3,1.69,4118
SHANK3,1.69,4119
SHANK3,1.69,4120
ARSD,2.69,4121
PUDP,2,4122
PUDP,2,4123
PUDP,2,4124
ANOS1,2.98,4125
GPR143,0.303,4127
SHROOM2,1.55,4128
SHROOM2,1.55,4129
WWC3,5.19,4130
WWC3,5.19,4131
HCCS,2.87,4132
ARHGAP6,0.895,4133
FRMPD4,0.102,4134
TLR7,0.591,4135
TLR7,0.591,4136
TLR7,0.591,4137
TLR7,0.591,4138
TCEANC,0.713,4140
TCEANC,0.713,4141
TCEANC,0.713,4142
TCEANC,0.713,4143
TCEANC,0.713,4144
FANCB,0.0949,4145
FANCB,0.0949,4146
FANCB,0.0949,4147
FANCB,0.0949,4148
FANCB,0.0949,4149
FANCB,0.0949,4150
FANCB,0.0949,4151
ASB9,16.6,4152
BMX,0.16,4153
BMX,0.16,4154
CA5B,4.72,4155
CA5B,4.72,4156
ZRSR2,2.89,4157
ZRSR2,2.89,4158
AP1S2,7.8,4159
MAGEB17,0.687,4160
RBBP7,62.5,4161
RBBP7,62.5,4162
SCML1,10.7,4163
SCML1,10.7,4164
CDKL5,2.45,4165
CDKL5,2.45,4166
PHKA2,7.25,4167
PDHA1,6.04,4168
PDHA1,6.04,4169
MAP3K15,0.926,4170
MAP3K15,0.926,4171
RPS6KA3,2.44,4176
RPS6KA3,2.44,4177
RPS6KA3,2.44,4178
CNKSR2,0.286,4179
CNKSR2,0.286,4180
PHEX,0.0864,4183
PHEX,0.0864,4184
PHEX,0.0864,4185
PHEX,0.0864,4186
PTCHD1,0.149,4187
SAT1,46,4188
APOO,4.61,4189
CXorf58,2.21,4190
PDK3,4.14,4191
PDK3,4.14,4192
PCYT1B,2.76,4193
POLA1,1.39,4194
ARX,2.22,4195
MAGEB18,0.53,4196
MAGEB18,0.53,4197
MAGEB18,0.53,4198
MAGEB3,3.03,4199
DMD,1.21,4200
DMD,1.21,4201
MAGEB16,2.21,4202
CFAP47,0.42,4203
CFAP47,0.42,4204
CFAP47,0.42,4205
CFAP47,0.42,4206
CFAP47,0.42,4207
CFAP47,0.42,4208
CFAP47,0.42,4209
PRRG1,0.923,4210
SRPX,6.05,4211
SRPX,6.05,4212
SRPX,6.05,4213
SRPX,6.05,4214
SRPX,6.05,4215
SRPX,6.05,4216
SRPX,6.05,4217
RPGR,2.79,4218
RPGR,2.79,4219
RPGR,2.79,4220
OTC,0.201,4221
BCOR,5.85,4222
ATP6AP2,29.4,4223
ATP6AP2,29.4,4224
MED14,2.91,4225
MED14,2.91,4226
MED14,2.91,4227
MED14,2.91,4228
USP9X,14,4229
USP9X,14,4230
USP9X,14,4231
DDX3X,32.4,4232
DDX3X,32.4,4233
NYX,0.106,4234
GPR34,1.03,4235
GPR34,1.03,4236
GPR82,0.0317,4237
GPR82,0.0317,4238
MAOB,6.32,4239
FUNDC1,8.33,4240
KDM6A,5.37,4242
KDM6A,5.37,4243
KDM6A,5.37,4244
KDM6A,5.37,4245
SLC9A7,0.641,4248
JADE3,8.87,4249
RBM10,5.45,4250
UBA1,25.8,4251
UBA1,25.8,4252
SYN1,2.17,4253
SYN1,2.17,4254
TIMP1,85.6,4255
TIMP1,85.6,4256
TIMP1,85.6,4257
SYN1,2.17,4258
ELK1,13.7,4259
ELK1,13.7,4260
UXT,13.2,4261
SLC38A5,0.412,4262
FTSJ1,6.68,4263
TBC1D25,5.08,4264
TBC1D25,5.08,4265
RBM3,18.5,4266
WDR13,8.35,4267
WDR13,8.35,4268
WDR13,8.35,4269
WDR13,8.35,4270
SUV39H1,2.36,4271
HDAC6,15.8,4273
KCND1,0.502,4274
TFE3,7.69,4275
CCDC120,1.43,4276
CCDC120,1.43,4277
CCDC120,1.43,4278
CCDC120,1.43,4279
CCDC120,1.43,4280
CCDC120,1.43,4281
PLP2,15,4282
PLP2,15,4283
PLP2,15,4284
PLP2,15,4285
CACNA1F,0.0546,4286
CACNA1F,0.0546,4287
CACNA1F,0.0546,4288
CACNA1F,0.0546,4289
PPP1R3F,0.539,4290
PPP1R3F,0.539,4291
PAGE4,0.803,4292
AKAP4,101,4293
AKAP4,101,4294
TSPYL2,42.8,4295
TSPYL2,42.8,4296
IQSEC2,1.26,4297
IQSEC2,1.26,4298
IQSEC2,1.26,4299
SMC1A,4.17,4300
HUWE1,13.8,4301
HUWE1,13.8,4302
HUWE1,13.8,4303
HUWE1,13.8,4304
HUWE1,13.8,4305
HUWE1,13.8,4306
HUWE1,13.8,4307
HUWE1,13.8,4308
FAM120C,1.67,4309
FAM120C,1.67,4310
FAM120C,1.67,4311
FAM120C,1.67,4312
WNK3,7.11,4313
WNK3,7.11,4314
FGD1,1.99,4315
GNL3L,1.14,4316
ITIH6,0.00584,4317
ITIH6,0.00584,4318
MAGED2,43.8,4319
TRO,2.26,4320
ALAS2,0.0356,4321
ALAS2,0.0356,4322
RRAGB,1.97,4327
SPIN2B,1.25,4328
ARHGEF9,0.842,4329
ARHGEF9,0.842,4330
MTMR8,0.162,4331
AR,3,4332
ARR3,0.0882,4334
KIF4A,0.963,4335
DLG3,0.784,4336
DLG3,0.784,4337
TEX11,5.05,4338
TEX11,5.05,4339
TEX11,5.05,4340
TEX11,5.05,4341
TEX11,5.05,4342
TEX11,5.05,4343
FOXO4,16.6,4344
FOXO4,16.6,4345
CXorf65,9.59,4346
IL2RG,2.07,4347
IL2RG,2.07,4348
MED12,7.29,4349
MED12,7.29,4350
NLGN3,1.43,4351
ZMYM3,11.9,4352
ZMYM3,11.9,4353
OGT,13.4,4355
OGT,13.4,4356
OGT,13.4,4357
OGT,13.4,4358
GCNA,5.42,4359
NHSL2,1.07,4360
NHSL2,1.07,4361
ERCC6L,0.65,4362
ERCC6L,0.65,4363
PHKA1,1.44,4364
PHKA1,1.44,4365
PHKA1,1.44,4366
RLIM,4.44,4368
ATRX,3.55,4370
ATRX,3.55,4371
ATRX,3.55,4372
ATRX,3.55,4373
ATRX,3.55,4374
ATRX,3.55,4375
ATRX,3.55,4376
PGK1,27.7,4377
PGK1,27.7,4378
PGK1,27.7,4379
CYSLTR1,0.273,4381
P2RY10,0.149,4382
P2RY10,0.149,4383
ITM2A,11.4,4386
ITM2A,11.4,4387
ITM2A,11.4,4388
ITM2A,11.4,4389
BRWD3,3.52,4391
CYLC1,13.1,4392
RPS6KA6,0.98,4393
RPS6KA6,0.98,4394
RPS6KA6,0.98,4395
HDX,0.607,4396
ZNF711,23.5,4397
ZNF711,23.5,4398
POF1B,0.1,4399
POF1B,0.1,4400
TSPAN6,12.1,4401
TRMT2B,1.14,4402
CENPI,0.261,4403
DRP2,0.347,4404
DRP2,0.347,4405
DRP2,0.347,4406
TAF7L,16.3,4407
BTK,1.02,4408
BTK,1.02,4409
GLA,3.59,4410
ARMCX4,0.653,4411
ARMCX4,0.653,4412
ARMCX4,0.653,4413
ARMCX4,0.653,4414
ARMCX4,0.653,4415
ARMCX4,0.653,4416
ARMCX4,0.653,4417
ZMAT1,3.23,4418
ZMAT1,3.23,4419
ZMAT1,3.23,4420
ZMAT1,3.23,4421
ZMAT1,3.23,4422
TCEAL2,19.5,4423
TCEAL6,12.2,4424
TCEAL6,12.2,4425
ARMCX5,2.36,4426
GPRASP1,3.49,4427
NXF3,42.3,4433
BEX4,32.4,4434
BEX4,32.4,4435
TCEAL7,2.1,4436
TCEAL7,2.1,4437
FAM199X,9.07,4438
RIPPLY1,0.0839,4441
RIPPLY1,0.0839,4442
RBM41,2.08,4443
RBM41,2.08,4444
RBM41,2.08,4445
FRMPD3,0.327,4446
PRPS1,9.66,4447
COL4A6,0.689,4448
COL4A6,0.689,4449
COL4A5,2.44,4450
COL4A5,2.44,4451
IRS4,0.0468,4452
IRS4,0.0468,4453
ALG13,4.04,4454
RTL4,0.0613,4455
AMOT,1.92,4456
AMOT,1.92,4457
HTR2C,0.0232,4458
HTR2C,0.0232,4459
PLS3,12.8,4464
KLHL13,1.46,4465
WDR44,7.17,4466
DOCK11,1.36,4467
DOCK11,1.36,4468
DOCK11,1.36,4469
DOCK11,1.36,4470
DOCK11,1.36,4471
DOCK11,1.36,4472
DOCK11,1.36,4473
KIAA1210,24.9,4474
KIAA1210,24.9,4475
NDUFA1,24.3,4477
NDUFA1,24.3,4478
NDUFA1,24.3,4479
NDUFA1,24.3,4480
NDUFA1,24.3,4481
NDUFA1,24.3,4482
NDUFA1,24.3,4483
AKAP14,10.1,4484
NKAP,5.77,4485
NKAP,5.77,4486
NKAP,5.77,4487
RHOXF1,4.89,4488
RHOXF1,4.89,4489
ZBTB33,4.58,4490
ZBTB33,4.58,4491
ATP1B4,0.0154,4492
LAMP2,11.1,4493
CUL4B,18.4,4494
CUL4B,18.4,4495
MCTS1,1.99,4496
C1GALT1C1,6.19,4497
THOC2,4.5,4505
THOC2,4.5,4506
THOC2,4.5,4507
THOC2,4.5,4508
THOC2,4.5,4509
TENM1,0.433,4510
TENM1,0.433,4511
TEX13C,1.37,4512
TEX13C,1.37,4513
TEX13C,1.37,4514
TEX13C,1.37,4515
DCAF12L1,4.94,4517
SMARCA1,42.6,4519
SMARCA1,42.6,4520
OCRL,21.5,4521
OCRL,21.5,4522
OCRL,21.5,4523
OCRL,21.5,4524
OCRL,21.5,4525
OCRL,21.5,4526
XPNPEP2,0.146,4527
ZDHHC9,1.9,4528
IGSF1,3.87,4529
IGSF1,3.87,4530
IGSF1,3.87,4531
IGSF1,3.87,4532
FRMD7,0.496,4534
RAP2C,5.01,4535
CCDC160,1.32,4536
RTL8A,7.38,4539
ZNF449,1.53,4540
ZNF449,1.53,4541
ZNF449,1.53,4542
ADGRG4,0.0729,4543
ADGRG4,0.0729,4544
ADGRG4,0.0729,4545
ADGRG4,0.0729,4546
CD40LG,0.137,4547
ARHGEF6,2.36,4548
ARHGEF6,2.36,4549
MAGEC3,0.192,4553
MAGEC3,0.192,4554
FMR1,12.6,4555
AFF2,0.989,4556
MAMLD1,8.27,4557
MAMLD1,8.27,4558
MTM1,3.68,4559
MTMR1,3.54,4560
PASD1,10.5,4561
PASD1,10.5,4562
PASD1,10.5,4563
GABRA3,0.516,4564
ZNF185,1.77,4565
PNMA6E,2.87,4566
ATP2B3,0.0672,4568
DUSP9,0.699,4569
BCAP31,30.1,4570
PLXNB3,3.35,4571
PLXNB3,3.35,4572
PLXNB3,3.35,4573
PLXNB3,3.35,4574
PLXNB3,3.35,4576
PLXNB3,3.35,4577
PLXNB3,3.35,4578
SRPK3,0.265,4579
SRPK3,0.265,4580
IDH3G,10.7,4581
IDH3G,10.7,4582
SSR4,19.9,4583
SSR4,19.9,4584
SSR4,19.9,4585
PDZD4,2.69,4586
L1CAM,0.595,4587
ARHGAP4,3.94,4588
HCFC1,6.7,4589
TMEM187,1.5,4590
TMEM187,1.5,4591
MECP2,4.79,4592
MECP2,4.79,4593
MECP2,4.79,4594
MECP2,4.79,4595
MECP2,4.79,4596
TKTL1,87.6,4597
FLNA,36.6,4598
FLNA,36.6,4599
FLNA,36.6,4600
FLNA,36.6,4601
DNASE1L1,2.49,4602
DNASE1L1,2.49,4603
GDI1,34.7,4604
GDI1,34.7,4605
PLXNA3,3.47,4606
PLXNA3,3.47,4607
SLC10A3,3.51,4608
SLC10A3,3.51,4609
FAM3A,3.49,4610
FAM3A,3.49,4611
GAB3,2.91,4612
GAB3,2.91,4614
GAB3,2.91,4615
DKC1,9.94,4616
DKC1,9.94,4617
F8,2.78,4618
F8,2.78,4619
F8,2.78,4620
RPS4Y1,65.2,4647
ZFY,3.34,4648
ZFY,3.34,4649
USP9Y,2.92,4650
USP9Y,2.92,4651
USP9Y,2.92,4652
USP9Y,2.92,4653
UTY,1.29,4655
LOC102723360,3.01,4656
LOC102723360,3.01,4657
LOC102723360,3.01,4658
LOC102723360,3.01,4659
LOC102723360,3.01,4660
LOC102723360,3.01,4661
DUX4,0.701,4663
DUX4,0.701,4664
DUX4,0.701,4665
DUX4,0.701,4666
DUX4,0.701,4667
DUX4,0.701,4668
